job_titles,Creation date,employer,location,Job_Type
Data-Engineer (Data Engineer),25/05/2023,outsourcing4work GmbH,Germany : Hamburg,Full-time
Data Engineer (Data Engineer),19/05/2023,Universitätsklinikum Carl Gustav Carus der Technischen Universität,"Germany : Dresden, Kreisfreie Stadt",Full-time
Data Engineer (Data Engineer),17/05/2023,aifora GmbH,"Germany : Düsseldorf, Kreisfreie Stadt",Full-time
Data Engineer* - Data Pipelines (Data Engineer),19/05/2023,Zentrale der Fraunhofer Gesellschaft e.V.,Germany : Rhein-Sieg-Kreis,Full-time
Data Engineer (m/w/d) (Data Engineer),30/05/2023,Heise Medien GmbH & Co. KG,Germany : Region Hannover,Full-time
Data Engineer (m/w/d) (Data Engineer),30/05/2023,Deutsche Bahn AG,"Germany : Berlin , Frankfurt am Main, Kreisfreie Stadt , Erfurt, Kreisfreie Stadt",Full-time
Data Engineer (w/m/d) (Data Engineer),30/05/2023,KIND GmbH & Co. KG,Germany : Region Hannover,Full-time
Data Engineer (m/w/d) (Data Engineer),29/05/2023,SIMunich GmbH,Germany : Hamburg,Full-time
Data Engineer (m/w/d) (Data Engineer),26/05/2023,FERCHAU GmbH Niederlassung Heidenheim,Germany : Ostalbkreis,Full-time
Data Engineer (m/w/d) (Data Engineer),26/05/2023,krauth technology GmbH,"Germany : Heidelberg, Stadtkreis",Full-time
Data Engineer (m/w/d) (Data Engineer),25/05/2023,Bartels-Langness Handelsgesell schaft mbH & Co. KG,"Germany : Kiel, Kreisfreie Stadt",Full-time
Data Engineer (m/w/d) (Data Engineer),24/05/2023,Universitätsklinikum Carl Gustav Carus Dresden,"Germany : Dresden, Kreisfreie Stadt",Full-time
Data Engineer (m/w/d) (Data Engineer),22/05/2023,FERCHAU GmbH Niederlassung Osnabrück,"Germany : Osnabrück, Kreisfreie Stadt",Full-time
Data Engineer (m/w/d) (Data Engineer),21/05/2023,Schmieder GmbH Unternehmensberatung,Germany : Ravensburg,Full-time
Data Engineer (w/m/d) (Data Engineer),19/05/2023,ion2s GmbH,"Germany : Darmstadt, Kreisfreie Stadt",Full-time
Data Engineer (m/w/d) (Data Engineer),18/05/2023,E.ON Energie Deutschland GmbH,"Germany : Essen, Kreisfreie Stadt",Full-time
Data Engineer (m/w/d) (Data Engineer),17/05/2023,SIMO UG (haftungsbeschränkt),Germany : Miltenberg,"Flexible,"
Data Engineer (w/m/d) (Data Engineer),15/05/2023,Fagus-GreCon Greten GmbH & Co. KG,Germany : Hildesheim,Full-time
Data Engineer (m/w/d) (Data Engineer),12/05/2023,FERCHAU GmbH Niederlassung Frankfurt,"Germany : Frankfurt am Main, Kreisfreie Stadt",Full-time
Data Engineer (m/w/d) (Data Engineer),12/05/2023,REMONDIS IT Services GmbH & Co. KG,Germany : Unna,Full-time
Data Engineer (m/w/d) (Data Engineer),26/04/2023,Allgeier IT GmbH Düsseldorf,Germany : Berlin,Full-time
Data Engineer (m/w/d) Data & Analytics (Data Engineer),29/05/2023,MID GmbH,"Germany : Nürnberg, Kreisfreie Stadt",Full-time
(Senior) Data Engineer (all gender) (Data Engineer),30/05/2023,ALTEN GmbH Coburg,"Germany : Frankfurt am Main, Kreisfreie Stadt",Full-time
Data Engineer:in (Data Engineer),30/05/2023,Deutsche Bahn AG,"Germany : Frankfurt am Main, Kreisfreie Stadt",Full-time
Senior Data Analyst / Data Engineer (m/f/d) (Data Engineer),30/05/2023,VEACT GmbH,"Germany : München, Kreisfreie Stadt",Full-time
BI Data Engineer / Data Architect (m/w/d) (Data Engineer),24/05/2023,Nagel-Group Logistics Europa AG,Germany : Gütersloh,Full-time
Senior Data Engineer Data & Personalisation (m/w/d) (Data Engineer),22/05/2023,Lidl Digital,Germany : Berlin,Full-time
"Data Engineer / Data Architect (m/w/d) ""MwM"" (Data Engineer)",18/05/2023,SIGNAL IDUNA Krankenversicheru ng a. G.,"Germany : Hamburg , Dortmund, Kreisfreie Stadt",Full-time
Senior Data Engineer Data & Personalisation (m/f/d) (Data Engineer),15/05/2023,Lidl Digital,Germany : Berlin,Full-time
Microsoft Data Analyst / Data Engineer (m/f/d) (Data Engineer),09/05/2023,Prodware Deutschland AG,"Germany : Hamburg , Fürstenfeldbruck",Full-time
Senior Data Engineer (m/w/d) (Data Engineer),30/05/2023,EDEKA DIGITAL GmbH,Germany : Berlin,Full-time
Senior Data Engineer (m/w/d) (Data Engineer),30/05/2023,EDEKA DIGITAL GmbH,"Germany : Hamburg , Mannheim, Stadtkreis",Full-time
Senior Data Engineer (w/m/d) (Data Engineer),30/05/2023,Deutsche Bahn AG,"Germany : Berlin , München, Kreisfreie Stadt , Hamburg , Frankfurt am Main, Kreisfreie Stadt , Bremen, Kreisfreie Stadt",Full-time
Streaming Data Engineer (w/m/d) (Data Engineer),30/05/2023,RTL Deutschland GmbH,"Germany : Köln, Kreisfreie Stadt","Flexible,"
(Senior) Data Engineer (m/w/d) (Data Engineer),29/05/2023,Statista GmbH,Germany : Hamburg,Full-time
Data Engineer Prozessdigitalisierung (m/w/d) (Data Engineer),25/05/2023,ISR Information Products AG,"Germany : Münster, Kreisfreie Stadt",Full-time
Data Engineer Python (m/f/d) (Data Engineer),24/05/2023,AssetMetrix GmbH,"Germany : München, Kreisfreie Stadt",Full-time
Master Data Engineer (w/m/d) (Data Engineer),24/05/2023,dmTECH GmbH,Germany,Full-time
Data Engineer Produktion (m/w/d) (Data Engineer),23/05/2023,I.K. Hofmann GmbH,Germany : Ostalbkreis,Full-time
Senior Data Engineer (w/m/d) (Data Engineer),20/05/2023,Deutsche Bahn AG,"Germany : München, Kreisfreie Stadt",Full-time
Senior Data Engineer (w/m/d) (Data Engineer),18/05/2023,Deutsche Bahn AG,"Germany : Frankfurt am Main, Kreisfreie Stadt",Full-time
Senior Data Engineer (m/f/d) (Data Engineer),15/05/2023,Carly Connected Car,"Germany : München, Kreisfreie Stadt",Full-time
Senior Data Engineer (w/m/d) (Data Engineer),14/05/2023,Deutsche Bahn AG,"Germany : Mainz, Kreisfreie Stadt",Full-time
(Senior) Data Engineer (m/w/d) (Data Engineer),12/05/2023,esentri AG,"Germany : Köln, Kreisfreie Stadt",Full-time
(Senior) Data Engineer (m/w/d) (Data Engineer),12/05/2023,esentri AG,"Germany : München, Kreisfreie Stadt",Full-time
(Senior) Data Engineer (m/w/d) (Data Engineer),12/05/2023,esentri AG,"Germany : Karlsruhe, Landkreis",Full-time
Data Engineer / Architect (m/w/d) (Data Engineer),12/05/2023,Fressnapf Holding SE,"Germany : Krefeld, Kreisfreie Stadt",Full-time
Senior Data Engineer (w/m/div)* (Data Engineer),23/05/2023,Infineon Technologies AG,Germany : Soest,Full-time
Data Engineer / Software Engineer (Python) (m/w/d) (Data Engineer),08/05/2023,GS Elektromedizinische Geräte G. Stemple GmbH,Germany : Landsberg am Lech,"Flexible,"
Data Manager (Data Engineer),08/05/2023,Klinikum der Universität München,"Germany : München, Kreisfreie Stadt",Full-time
Data Engineer Data Warehouse/Business Intelligence (m/w/d) (Data Engineer),30/05/2023,WWK Lebensversicherung a. G.,"Germany : München, Kreisfreie Stadt",Full-time
Azure Data Factory & Spark Data Engineer (w|m|d) (Data Engineer),02/05/2023,BridgingIT GmbH,"Germany : Schwerin, Kreisfreie Stadt , München, Kreisfreie Stadt , Frankfurt am Main, Kreisfreie Stadt , Mannheim, Stadtkreis , Köln, Kreisfreie Stadt , Berlin , Stuttgart, Stadtkreis , Nürnberg, Kreisfreie Stadt , Hamburg",Full-time
Data Engineer / ETL-Entwickler (m/w/d) (Data Engineer),30/05/2023,msg nexinsure ag,"Germany : Passau, Kreisfreie Stadt , München, Landkreis , Hamburg , Chemnitz, Kreisfreie Stadt",Full-time
Senior Process Data Engineer (w/m/d) (Data Engineer),30/05/2023,Wacker Chemie AG,Germany : Altötting,Full-time
Azure Data Engineer / Scientist (m/w/d) (Data Engineer),30/05/2023,TIMETOACT GROUP GmbH,"Germany : Fürth, Kreisfreie Stadt","Part-time,"
Data Engineer | Personalization & Recommendation (f/m/x) (Data Engineer),30/05/2023,RTL Deutschland GmbH,"Germany : Köln, Kreisfreie Stadt",Full-time
Data Engineer - ETL / Airflow (m/w/d) (Data Engineer),28/05/2023,E.ON Energie Deutschland GmbH,"Germany : Essen, Kreisfreie Stadt",Full-time
Senior DevOps/Data Engineer (w/m/d) (Data Engineer),27/05/2023,Deutsche Bahn AG,"Germany : Frankfurt am Main, Kreisfreie Stadt",Full-time
Data Engineer - Machine Learning (m/f/d) (Data Engineer),19/05/2023,Ratepay GmbH,Germany : Berlin,Full-time
Computer Vision Data Engineer (m/f/d) (Data Engineer),17/05/2023,Energy Robotics,"Germany : Darmstadt, Kreisfreie Stadt",Full-time
Social Media Data Engineer (m/w/d) (Data Engineer),17/05/2023,Pro Technology GmbH,"Germany : Dresden, Kreisfreie Stadt","Flexible,"
SAP BW Data Engineer (m/w/d) (Data Engineer),16/05/2023,Stiegelmeyer GmbH & Co. KG,Germany : Herford,Full-time
Data Engineer Betrieb Fernverkehr (m/d/w) (Data Engineer),16/05/2023,Deutsche Bahn AG,"Germany : Frankfurt am Main, Kreisfreie Stadt",Full-time
BI Developer/ Data Engineer (m/w/d) (Data Engineer),15/05/2023,U.N.P. - HRSolutions GmbH,Germany : Hamburg,Full-time
Business Intelligence Data Engineer (w/m/d) (Data Engineer),15/05/2023,HUK-COBURG Versicherungsgruppe,"Germany : Coburg, Kreisfreie Stadt",Full-time
Data Engineer Power Platform (w/m/d) (Data Engineer),15/05/2023,Deutsche Bahn AG,"Germany : Frankfurt am Main, Kreisfreie Stadt",Full-time
Senior Data Engineer Azure (w/m/d) (Data Engineer),15/05/2023,Deutsche Bahn AG,"Germany : Frankfurt am Main, Kreisfreie Stadt",Full-time
Senior Cloud Data Engineer (m/w/d) (Data Engineer),15/05/2023,Deutsche Telekom AG Konzernzentrale,"Germany : Hamburg , Esslingen , Wolfsburg, Kreisfreie Stadt , Region Hannover , Nürnberg, Kreisfreie Stadt , Berlin , Bonn, Kreisfreie Stadt",Full-time
Data Engineer - Schwerpunkt Microsoft (m/w/d) (Data Engineer),04/05/2023,DPD DEUTSCHLAND GMBH VZ,"Germany : Aschaffenburg, Kreisfreie Stadt",Full-time
(Jr./Senior) Data Engineer [m/w/d] (Data Engineer),08/03/2023,paiqo GmbH,Germany : Paderborn,Full-time
Data Engineer / Data Lake Developer / IT Data Specialist (m/w/d) (Data Engineer),19/05/2023,Alfred Kärcher SE & Co. KG,Germany : Rems-Murr-Kreis,Full-time
Projektleiter:in Data Engineering (Data Engineer),15/05/2023,Deutsche Bahn AG,"Germany : Frankfurt am Main, Kreisfreie Stadt , Berlin , Hamburg , München, Kreisfreie Stadt",Full-time
Data Engineer/Analyst im Chief Data Office (m/w/d) (Data Engineer),23/05/2023,Allianz Deutschland AG,"Germany : München, Kreisfreie Stadt",Full-time
Data Engineer Process Mining (Inhouse) (m/w/d) (Data Engineer),30/05/2023,SIEGENIA GRUPPE Verwaltungs-GmbH,Germany : Siegen-Wittgenstein,Full-time
Senior Data Engineer - Machine Learning (m/f/d) (Data Engineer),19/05/2023,Ratepay GmbH,Germany : Berlin,Full-time
Data Engineer (m/w/d) mit mehrjähriger Erfahrung (Data Engineer),05/05/2023,INIT Individ. Softwareentwickl ung und Beratungs GmbH,"Germany : Stuttgart, Stadtkreis",Full-time
Junior Data Engineer - Schwerpunkt Microsoft (m/w/d) (Data Engineer),04/05/2023,DPD DEUTSCHLAND GMBH VZ,"Germany : Aschaffenburg, Kreisfreie Stadt",Full-time
Data Engineer m/w/d mit PowerBI Kenntnissen (Data Engineer),27/04/2023,blanc&blanc CONSULTING oHG,Germany : Hamburg,"Part-time,"
Data Process Manager (Data Engineer),03/05/2023,c2g-engineering GmbH,Germany : Berlin,"Part-time,"
Data Analyst (mIwId) (Data Engineer),30/04/2023,LeySelect GmbH,Germany : Baden-Württemberg,Full-time
Werkstudent:in Data Engineer für Sensordatenanalyse Digitale Schiene Deutschland (Data Engineer),30/05/2023,Deutsche Bahn AG,Germany : Berlin,Full-time
Data/DevOps Engineer (m/w/d) (Data Engineer),30/05/2023,Deutsche Bahn AG,"Germany : Erfurt, Kreisfreie Stadt , Region Hannover , Berlin , Hamburg , Köln, Kreisfreie Stadt , Nürnberg, Kreisfreie Stadt , München, Kreisfreie Stadt , Frankfurt am Main, Kreisfreie Stadt , Dresden, Kreisfreie Stadt , Duisburg, Kreisfreie Stadt",Full-time
Data Warehouse Engineer (m/d/w) (Data Engineer),24/05/2023,enercity AG,Germany : Region Hannover,Full-time
Data Platform Engineer (m/w/d) (Data Engineer),10/05/2023,E.ON Energie Deutschland GmbH,"Germany : München, Kreisfreie Stadt",Full-time
AWS Cloud Data Engineer:in (Data Engineer),18/05/2023,Deutsche Bahn AG,"Germany : Frankfurt am Main, Kreisfreie Stadt",Full-time
AWS Cloud Data Engineer:in (Data Engineer),17/05/2023,Deutsche Bahn AG,"Germany : Frankfurt am Main, Kreisfreie Stadt",Full-time
Data Engineer:in Betrieb Fernverkehr (Data Engineer),15/05/2023,Deutsche Bahn AG,"Germany : Frankfurt am Main, Kreisfreie Stadt",Full-time
Senior DevOps/Data Engineer:in (Data Engineer),15/05/2023,Deutsche Bahn AG,"Germany : Frankfurt am Main, Kreisfreie Stadt",Full-time
(Senior) Data Engineer für AI Projekte (m/d/w) (Data Engineer),30/05/2023,Deutsche Bahn AG,"Germany : Köln, Kreisfreie Stadt , Berlin , Hamburg , Nürnberg, Kreisfreie Stadt , Frankfurt am Main, Kreisfreie Stadt , Region Hannover , Erfurt, Kreisfreie Stadt , Dresden, Kreisfreie Stadt , Duisburg, Kreisfreie Stadt , München, Kreisfreie Stadt",Full-time
Data Engineer Onboarding & Technical Customer Success (m/w/d) (Data Engineer),10/05/2023,PlanerAI GmbH,"Germany : Würzburg, Kreisfreie Stadt","Flexible,"
Data Lead (all genders) (Data Engineer),09/05/2023,RECUP,"Germany : München, Kreisfreie Stadt",Full-time
Data-Engineer im Global Engineering (m/w/d) zur Direktvermittlung (Data Engineer),23/05/2023,FERCHAU GmbH Niederlassung Regensburg,Germany : Cham,Full-time
Senior Data Platform Engineer (m/f/d) (Data Engineer),19/05/2023,Mabanaft GmbH & Co. KG,Germany : Hamburg,Full-time
Senior Data Engineer Azure Synapse in Mainz m/w/d (Data Engineer),09/05/2023,VP Verbund Pflegehilfe GmbH,"Germany : Mainz, Kreisfreie Stadt",Full-time
"Data Engineer (m/w/d) für Dortmund, Hannover oder remote (Data Engineer)",19/05/2023,QuinScape,"Germany : Dortmund, Kreisfreie Stadt",Full-time
Data Engineer:in - DB Smart Logistic (Data Engineer),15/05/2023,Deutsche Bahn AG,"Germany : Berlin , Erfurt, Kreisfreie Stadt , Frankfurt am Main, Kreisfreie Stadt",Full-time
Data Engineer:in - DB Smart Logistic (Data Engineer),15/05/2023,Deutsche Bahn AG,"Germany : Erfurt, Kreisfreie Stadt , Berlin , Frankfurt am Main, Kreisfreie Stadt",Full-time
Senior Data Engineer for Mercedes-Benz SoftwareFactory (all genders) - Berlin (Data Engineer),10/05/2023,MBition GmbH,Germany : Berlin,Full-time
Data Engineer (m/w/d) (Data Scientist),30/05/2023,Hays AG,Germany : Berlin,Full-time
Data Engineer (m/w/d) (Data Scientist),29/05/2023,Hays Professional Solutions GmbH Standort Stuttgart,Germany : Baden-Württemberg,Full-time
Data Consultant (m/w/d) (Data Engineer),15/05/2023,taod Consulting GmbH',"Germany : Köln, Kreisfreie Stadt",Full-time
Engineer Data und Analytics Ticketautomaten (w/m/d) (Data Engineer),24/05/2023,Deutsche Bahn AG,"Germany : Frankfurt am Main, Kreisfreie Stadt",Full-time
Operation Engineer Data Analytics Platform (d/m/w) (Data Engineer),23/05/2023,Toll Collect GmbH,Germany : Berlin,Full-time
Projektleiter Data Engineering (m/d/w) (Data Engineer),27/05/2023,Deutsche Bahn AG,"Germany : Berlin , München, Kreisfreie Stadt , Hamburg , Frankfurt am Main, Kreisfreie Stadt",Full-time
Senior Data Engineer:in (w/m/d) (Data Engineer),15/05/2023,Deutsche Bahn AG,"Germany : Mainz, Kreisfreie Stadt",Full-time
(Senior) Data Engineer:in für AI Projekte (Data Engineer),30/05/2023,Deutsche Bahn AG,Germany,Full-time
DATA ENGINEER BIG DATA/FAST DATA (M/W/D) (Data Scientist),16/05/2023,jambit GmbH,"Germany : Leipzig, Kreisfreie Stadt","Part-time,"
Quality Data Analyst (m|w|d) (Data Engineer),26/05/2023,Miltenyi Biotec B.V. & Co. KG,Germany : Rheinisch-Bergischer Kreis,Full-time
Mitarbeiter Data Quality (m/w/d) (Data Engineer),24/05/2023,FATH GmbH,Germany : Roth,Full-time
Data Warehouse Analyst (m/w/d) (Data Engineer),24/05/2023,Networking Personalkonzepte GmbH,Germany : Region Hannover,Full-time
Trainee Data Consultant (m/w/d) (Data Engineer),22/05/2023,taod Consulting GmbH',"Germany : Köln, Kreisfreie Stadt",Full-time
Data Integrity Manager (m/w/d) (Data Engineer),15/05/2023,Biotest AG,"Germany : Offenbach, Landkreis",Full-time
Azure Data Platform Engineer - Energy Markets (d/f/m) (Data Engineer),17/05/2023,E.ON Energy Markets GmbH,"Germany : Essen, Kreisfreie Stadt",Full-time
(Senior) Data Scientist / Data Engineer (m/w/d) (Data Scientist),26/05/2023,FERCHAU GmbH Niederlassung Stuttgart Automotive,"Germany : Stuttgart, Stadtkreis",Full-time
Data Architect Master Data Management (m/w/d) (Data Engineer),12/05/2023,Fressnapf Holding SE,"Germany : Krefeld, Kreisfreie Stadt",Full-time
Data Engineering Experte (m/w/d) Produktion (Data Engineer),30/05/2023,FERCHAU GmbH Niederlassung Nürnberg City,"Germany : Nürnberg, Kreisfreie Stadt",Full-time
Junior Business Engineer (m/d/w) (Data Engineer),24/05/2023,Deutsche Bahn AG,"Germany : Frankfurt am Main, Kreisfreie Stadt , Berlin , Erfurt, Kreisfreie Stadt",Full-time
System Engineer Netzwerk (m/w/d) (Data Engineer),22/05/2023,SIGNAL IDUNA Krankenversicheru ng a. G.,Germany : Hamburg,Full-time
Data Engineer Data Analytics und Intelligence (w/m/d) (Data Scientist),30/05/2023,Deutsche Bahn AG,"Germany : Frankfurt am Main, Kreisfreie Stadt",Full-time
Azure Data Factory & Spark Data Engineer (w|m|d) (Data Scientist),10/05/2023,BridgingIT GmbH,"Germany : Frankfurt am Main, Kreisfreie Stadt , Köln, Kreisfreie Stadt , Stuttgart, Stadtkreis , Schwerin, Kreisfreie Stadt , München, Kreisfreie Stadt , Mannheim, Stadtkreis , Hamburg , Berlin , Nürnberg, Kreisfreie Stadt",Full-time
"Berater Business Intelligence (m/w/d) – (Data Engineer, Data (Data Scientist)",05/05/2023,initions GmbH,Germany : Hamburg,Full-time
Senior Data Engineer Azure (w/m/d) (Data Scientist),28/05/2023,Deutsche Bahn AG,"Germany : Frankfurt am Main, Kreisfreie Stadt",Full-time
Global Master Data Manager (m/f/d) (Data Engineer),19/05/2023,Birkenstock Product GmbH,"Germany : Köln, Kreisfreie Stadt",Full-time
Data Engineer Power Platform (w/m/d) (Data Scientist),16/05/2023,Deutsche Bahn AG,"Germany : Frankfurt am Main, Kreisfreie Stadt",Full-time
Master Data Manager (m/w/d) S1918687 (Data Engineer),20/04/2023,PAV Herzog,Germany : Bautzen,Full-time
Specialist Business Intelligence / Data Engineering (m/w/d) (Data Engineer),11/05/2023,HARIBO GmbH & Co. KG,"Germany : Bonn, Kreisfreie Stadt , Köln, Kreisfreie Stadt , Koblenz, Kreisfreie Stadt , Ahrweiler",Full-time
Teamlead Delivery - Schwerpunkt Data Engineering (m/w/d) (Data Engineer),10/05/2023,Alexander Thamm GmbH,"Germany : München, Kreisfreie Stadt",Full-time
Planer (m/w/d) Qualitätsmanagementsysteme Schwerpunkt Data Engineering (Data Engineer),03/05/2023,RLE Engineering & Services GmbH,"Germany : Leipzig, Kreisfreie Stadt",Full-time
Data Engineer / Data Analyst (Fachinformatiker/in - Daten- und Prozessanalyse),17/05/2023,Brunel GmbH,"Germany : Duisburg, Kreisfreie Stadt",Full-time
Data Engineer (g*) (Fachinformatiker/in - Anwendungsentwicklung),17/05/2023,ARI-Armaturen Alb. Richter GmbH & Co.KG,Germany : Gütersloh,Full-time
Data Engineer / Data Warehouse Entwickler (m/w/d) (Softwareentwickler/in),23/05/2023,REWE digital,"Germany : Köln, Kreisfreie Stadt",Full-time
Data Architect/ Data Engineer (m/w/d) (Wirtschaftsinformatiker/in (Hochschule)),15/12/2022,Liebherr-Verzahntechnik GmbH,"Germany : Kempten (Allgäu), Kreisfreie Stadt",Full-time
Junior Business Engineer Azure (m/d/w) (Data Engineer),27/05/2023,Deutsche Bahn AG,"Germany : Frankfurt am Main, Kreisfreie Stadt , Erfurt, Kreisfreie Stadt , Berlin",Full-time
Business Intelligence Engineer (m/w/d) (RN_U_221R207J) (Data Engineer),03/05/2023,b+p Beratung Personal Unternehmensberater,Germany : Regionalverband Saarbrücken,Full-time
Process & Data Manager / MTM/Fertigungssteuerung (m/w/d) (Data Engineer),30/05/2023,Birkenstock Productions Hessen GmbH,Germany : Main-Kinzig-Kreis,Full-time
Consultant (m/w/d) Data & Analytics / SAC (Remote) (Data Engineer),26/05/2023,Windhoff Software Service GmbH,Germany : Borken,Full-time
Ingenieur Digitalisierung / Operations Data Architect (m/w/d) (Data Engineer),04/05/2023,Hexagon Purus GmbH,"Germany : Kassel, Kreisfreie Stadt",Full-time
Data Engineer (m/w/d) (Systeminformatiker/in),15/05/2023,DIS AG FB Office & Management,"Germany : Leipzig, Kreisfreie Stadt",Full-time
Data Engineer (m/w/d) (Ingenieurinformatiker/in),15/05/2023,FERCHAU GmbH Niederlassung Potsdam,"Germany : Potsdam, Kreisfreie Stadt",Full-time
Data Engineer (m/f/d) (Ingenieurinformatiker/in),23/12/2022,Kühne + Nagel (AG & Co.) KG,Germany : Hamburg,Full-time
Mitarbeiter Prozesstechnik (m/w/d) (Data Engineer),24/05/2023,DELTEC Automotive GmbH & Co. KG,Germany : Cham,Full-time
Value Architect (m/w/d) (Data Engineer),12/05/2023,Fressnapf Holding SE,"Germany : Krefeld, Kreisfreie Stadt",Full-time
Data Engineer (m/w/d) (Software-Architect),06/04/2023,Mühlbauer Group,Germany : Cham,Full-time
IT-Data Engineer (gn) (Wirtschaftsinformatiker/in (Hochschule)),15/05/2023,Westfalen Weser Netz GmbH,"Germany : Paderborn , Herford",Full-time
IT-Specialist Data Engineering and Business Intelligence (m/w/d) (Data Engineer),26/05/2023,Südzucker AG,"Germany : Mannheim, Stadtkreis",Full-time
Data Analyst*in (d/m/w) Einnahmesicherung und Auskehr (Data Engineer),22/05/2023,Toll Collect GmbH,Germany : Berlin,Full-time
Data Engineer / Data Warehouse Entwickler (m/w/d) (Informatiker/in (Hochschule)),12/05/2023,REWE Digital GmbH,"Germany : Köln, Kreisfreie Stadt",Full-time
Social Media Data Engineer (m/w/d) (Data-Warehouse-Analyst/in),03/05/2023,ProTechnology GmbH,"Germany : Dresden, Kreisfreie Stadt",Full-time
Data Engineer (all genders) (Informatiker/in (Hochschule)),29/05/2023,Deutsche Lufthansa AG,"Germany : Groß-Gerau , Ingolstadt, Kreisfreie Stadt , Köln, Kreisfreie Stadt , Stuttgart, Stadtkreis",Full-time
Data Engineer (all genders) (Informatiker/in (Hochschule)),15/05/2023,Deutsche Lufthansa AG,"Germany : Segeberg , Hamburg , Wolfsburg, Kreisfreie Stadt , Berlin",Full-time
Senior Data Engineer - Data Scientist (f/m/div.) (Informatiker/in (Hochschule)),11/05/2023,Robert Bosch GmbH,Germany : Esslingen,Full-time
(Senior-) Consultant im Bereich Data Analytics (w/m/d) (Data Engineer),31/03/2023,PD Berater der öffentlichen Hand GmbH,"Germany : Frankfurt am Main, Kreisfreie Stadt , Berlin , Düsseldorf, Kreisfreie Stadt , Hamburg , Wiesbaden, Kreisfreie Stadt",Full-time
Senior Client Solution Engineer (m/w/d) Homeoffice (Data Engineer),15/05/2023,puro Personaldienstleistung GmbH,"Germany : Düsseldorf, Kreisfreie Stadt","Flexible,"
Medical Data Engineer / Data Scientist für die Klinische Sequenziereinheit (m/w/d) (Data Scientist),17/05/2023,Universitätsklinikum Regensburg,"Germany : Regensburg, Kreisfreie Stadt",Full-time
Data Engineer (w/m/d) (IT-Berater/in),02/05/2023,Procon-IT GmbH (Garching),"Germany : München, Landkreis",Full-time
Data Engineer (m/w/d) (IT-Berater/in),06/04/2023,IT-P GmbH,Germany : Region Hannover,Full-time
Data Engineer (m/w/d) (Informatiker/in (Hochschule)),24/05/2023,engineering people GmbH,"Germany : Augsburg, Kreisfreie Stadt",Full-time
Data Engineer (w/m/d) (Informatiker/in (Hochschule)),22/05/2023,Hüttenwerke Krupp Mannesmann GmbH,"Germany : Duisburg, Kreisfreie Stadt",Full-time
Data Engineer (m/w/d) (Informatiker/in (Hochschule)),19/05/2023,FERCHAU GmbH Niederlassung Regensburg,Germany : Cham,Full-time
Data Engineer (m/f/d) (Informatiker/in (Hochschule)),16/05/2023,Deutsche Lufthansa AG,"Germany : Offenbach, Landkreis",Full-time
Data Engineer (m/w/d) (Informatiker/in (Hochschule)),12/05/2023,Zollner Elektronik AG Werk Zandt,Germany : Cham,Full-time
Data Engineer (w/m/d) (Informatiker/in (Hochschule)),10/05/2023,Deutsche Bahn AG,"Germany : Frankfurt am Main, Kreisfreie Stadt",Full-time
Data Engineer (m/w/d) (Informatiker/in (Hochschule)),04/05/2023,Medizinischer Dienst Berlin-Brandenburg KdöR,Germany : Berlin,Full-time
Data Engineer (m/w/d) (Informatiker/in (Hochschule)),03/05/2023,Canon Production Printing Germany GmbH & Co. KG,Germany : Ebersberg,Full-time
Data Engineer (m/w/d) (Fachinformatiker/in - Anwendungsentwicklung),22/03/2023,Sievers SNC Computer und Software GmbH & Co. KG,"Germany : Osnabrück, Kreisfreie Stadt",Full-time
Data Architect/Engineer (m/w/d) - Machine Learning and AI | Executive Search | Mercedes-Benz (Data Engineer),22/05/2023,FERCHAU GmbH Niederlassung München Mobility,"Germany : Stuttgart, Stadtkreis",Full-time
Data Engineer (m/w/divers) (Informatiker/in (Hochschule)),30/05/2023,Deutsche Lufthansa AG,"Germany : Frankfurt am Main, Kreisfreie Stadt",Full-time
Data Engineer (m/f/diverse) (Informatiker/in (Hochschule)),29/05/2023,Deutsche Lufthansa AG,"Germany : Offenbach, Landkreis",Full-time
Data Engineer (w/m/div.) (Informatiker/in (Hochschule)),18/05/2023,Robert Bosch GmbH,Germany : Reutlingen,Full-time
Power BI Analyst (m/w/d) (Data Engineer),10/05/2023,CG Elementum AG,Germany : Berlin,Full-time
Werkstudent - Genehmigung Umweltschutz (w/m/d) (Data Engineer),04/05/2023,Uniper SE,Germany : Region Hannover,Full-time
Senior Datenschutz Consultant (m/w/d) (Data Engineer),19/04/2023,MachCon Deutschland GmbH,Germany : Konstanz,Full-time
Mitarbeiter (m/w/d) Data Management SAP Stammdaten und Stücklisten (Data Engineer),31/03/2023,Rittal GmbH & Co. KG,Germany : Lahn-Dill-Kreis,Full-time
Junior BI & Datawarehouse Consultant (m/w/d) (Data Engineer),05/05/2023,T.CON GmbH & Co. KG,"Germany : Hamburg , Berlin , Deggendorf",Full-time
Data Engineer (m/w/d) (Ingenieur/in - Systems Engineering),26/05/2023,DAHMEN Personalservice GmbH,"Germany : Düsseldorf, Kreisfreie Stadt","Flexible,"
Consultant Data Engineer (m/w/d) (IT-Berater/in),16/05/2023,Cintellic GmbH,"Germany : Stuttgart, Stadtkreis , Berlin , Köln, Kreisfreie Stadt , Hamburg , Bonn, Kreisfreie Stadt , Frankfurt am Main, Kreisfreie Stadt , München, Kreisfreie Stadt",Full-time
Continental IT Graduate Program 2023 (Trainee): Data Science/ Cloud Solutions/ Software Engineering (Data Engineer),27/04/2023,Continental AG,Germany : Region Hannover,Full-time
Big Data Engineer (m/w/d) (Informatiker/in (Hochschule)),30/05/2023,FERCHAU GmbH Niederlassung Chemnitz,"Germany : Chemnitz, Kreisfreie Stadt",Full-time
Senior Data Engineer (m/f/d) (Informatiker/in (Hochschule)),30/05/2023,BASF Digital Solutions GmbH,"Germany : Ludwigshafen am Rhein, Kreisfreie Stadt",Full-time
Data Engineer (m/w/d) [Kziff. OK7352 ] (Datenbankentwickler/in),26/05/2023,L&W CONSOLIDATION GmbH,Germany : Rhein-Kreis Neuss,Full-time
Software/Data Engineer (m/w/d) (Ingenieur/in - Elektrotechnik),25/05/2023,Hays Professional Solutions GmbH Standort Ulm,Germany : Baden-Württemberg,Full-time
Senior Data Engineer (m/w/d) (Informatiker/in (Hochschule)),25/05/2023,outsourcing4work GmbH,Germany : Nordrhein-Westfalen,Full-time
(Senior) Data Engineer Analytics (m/w/d) (Softwareentwickler/in),23/05/2023,REWE Group,"Germany : Köln, Kreisfreie Stadt",Full-time
Data Engineer im Produktionsumfeld (m/w/d) (Ingenieurinformatiker/in),15/05/2023,DEKRA Arbeit GmbH,Germany : Ostalbkreis,Full-time
Senior Data Engineer (f/m/x) (Informatiker/in (Hochschule)),15/05/2023,BMW AG,"Germany : Ulm, Stadtkreis",Full-time
Senior Data Engineer (w/m/d) (Informatiker/in (Hochschule)),11/05/2023,Deutsche Bahn AG,"Germany : Frankfurt am Main, Kreisfreie Stadt",Full-time
Senior Data Engineer (w/m/d) (Informatiker/in (Hochschule)),11/05/2023,Deutsche Bahn AG,"Germany : München, Kreisfreie Stadt , Berlin , Bremen, Kreisfreie Stadt , Frankfurt am Main, Kreisfreie Stadt , Hamburg",Full-time
Cloud Data Engineer (m/w/d) (Wirtschaftsinformatiker/in (Hochschule)),11/05/2023,BHS Corrugated M+A GmbH    ,Germany : Neustadt a. d. Waldnaab,Full-time
IOT Data Engineer (w/m/x) (Informatiker/in (Hochschule)),21/04/2023,BMW AG,"Germany : München, Kreisfreie Stadt",Full-time
Master Data Engineer (m/w/d) (Informatiker/in (Hochschule)),21/04/2023,BORA Lüftungstechnik GmbH,"Germany : Rosenheim, Landkreis",Full-time
Systemingenieur/ Consultant (m|w|d) - Datacenter und Cloud (Data Engineer),03/05/2023,pdv-systeme Sachsen GmbH,"Germany : Dresden, Kreisfreie Stadt , Leipzig, Kreisfreie Stadt",Full-time
Data Engineer (m/w/d) Qualitätssicherung (Fachkraft - Qualitätssicherung/-management),12/05/2023,FERCHAU GmbH Niederlassung München,"Germany : München, Kreisfreie Stadt",Full-time
Business Intelligence Analyst (m/w/d) (RN_U_221R207J) (Data Engineer),03/05/2023,b+p Beratung Personal Unternehmensberater,Germany : Regionalverband Saarbrücken,Full-time
Cloud Data Engineer Microsoft Azure (ag*) (IT-Berater/in),16/03/2023,amexus Informationstechnik GmbH & Co. KG,"Germany : Köln, Kreisfreie Stadt , Osnabrück, Landkreis , Münster, Kreisfreie Stadt , Borken , Unna , Paderborn",Full-time
Jr. Data Engineer - BI & Data Enablement (m/f/d) Hybrid Option GER (Softwareentwickler/in),25/05/2023,BASF Services Europe GmbH,Germany : Berlin,Full-time
Data Engineer Power Platform (m/w/d) (IT-Produktkoordinator/in),09/05/2023,thyssenkrupp Materials Trading GmbH,"Germany : Essen, Kreisfreie Stadt",Full-time
Datenbank-Entwickler / Data Engineer CRM (w/m/d). (Datenbankentwickler/in),30/05/2023,"m-result, the data company GmbH","Germany : Mainz, Kreisfreie Stadt",Full-time
Data Engineer (m/w/d) im Produktionsumfeld (Informatiker/in (Hochschule)),26/05/2023,Kirsch GmbH Personalmanagement,Germany : Ostalbkreis,Full-time
Senior Data Engineer Azure (w/m/d) (Wirtschaftsinformatiker/in (Hochschule)),19/05/2023,Deutsche Bahn AG,"Germany : Frankfurt am Main, Kreisfreie Stadt",Full-time
Product Owner Big Data Engineer (m/w/d) (Statistiker/in),19/05/2023,DER Touristik Deutschland GmbH,"Germany : Köln, Kreisfreie Stadt",Full-time
(Senior) Data Engineer Analytics (m/w/d) (Informatiker/in (Hochschule)),17/05/2023,REWE Group,"Germany : Köln, Kreisfreie Stadt",Full-time
Data Engineer DWH / BI (m/w/d) (Wirtschaftsinformatiker/in (Hochschule)),16/05/2023,FALKE KGaA,Germany : Hochsauerlandkreis,Full-time
Data Engineer Power Platform (w/m/d) (Informatiker/in (Hochschule)),10/05/2023,Deutsche Bahn AG,"Germany : Frankfurt am Main, Kreisfreie Stadt",Full-time
Data Engineer (IoT und Cloud) (m/w/d) (Datenbankentwickler/in),09/05/2023,Deuta-Werke GmbH,Germany : Rheinisch-Bergischer Kreis,Full-time
Data Engineer (m/w/d) Business Intelligence (Informatiker/in (Hochschule)),21/04/2023,BORA Lüftungstechnik GmbH,"Germany : Rosenheim, Landkreis",Full-time
(Senior) Data Engineer (m/f/diverse) @ AVIATAR (Informatiker/in (Hochschule)),22/05/2023,Deutsche Lufthansa AG,Germany : Hamburg,Full-time
Cloud Data Engineer (AWS/AZURE) (w/m/d) (IT-Berater/in),30/05/2023,Procon-IT GmbH (Garching),"Germany : München, Landkreis",Full-time
BI Data Engineer (m/w/d) (IT-Projektleiter/in (Weiterbildung/Ausbildung)),25/05/2023,Deutsche Telekom AG Konzernzentrale,"Germany : Region Hannover , Hamburg , Wolfsburg, Kreisfreie Stadt",Full-time
Data Engineer (m/w/d) Digitalisierung im Produktionsumfeld (Wirtschaftsinformatiker/in (Hochschule)),19/05/2023,FERCHAU GmbH Niederlassung Stuttgart Mobility,Germany : Böblingen,Full-time
Data Engineer (m/w/d) Manufacturing Execution System (Ingenieur/in - Automatisierungstechnik),19/05/2023,AlphaConsult KG Gießen,"Germany : Frankfurt am Main, Kreisfreie Stadt","Flexible,"
SAP BW/4HANA Data Engineer (d/f/m) (Informatiker/in (Hochschule)),16/05/2023,Ottobock SE & Co. KGaA,Germany : Berlin,Full-time
SAP BW/4HANA Data Engineer (d/f/m) (Informatiker/in (Hochschule)),16/05/2023,Ottobock SE & Co. KGaA,Germany : Berlin,Full-time
Production Data Engineer m/w/d (Industriemeister/in - Digital- und Printmedien),27/04/2023,FLYERALARM GmbH,"Germany : Würzburg, Kreisfreie Stadt",Full-time
Data Engineer & Architect Azure Cloud (w/m/div.) (Informatiker/in (Hochschule)),25/05/2023,Robert Bosch GmbH,"Germany : Stuttgart, Stadtkreis",Full-time
Data Engineer & Architect Azure Cloud (w/m/div.) (Informatiker/in (Hochschule)),24/05/2023,Robert Bosch GmbH,"Germany : Ulm, Stadtkreis",Full-time
Data Engineer & Architect Azure Cloud (w/m/div.) (Informatiker/in (Hochschule)),24/05/2023,Robert Bosch GmbH,Germany : Main-Spessart,Full-time
Full Stack Web Engineer / Data Engineer (m/f/d) Printer Information Center (PIC) (Informatiker/in (Hochschule)),30/03/2023,Canon Production Printing Germany GmbH & Co. KG,Germany : Ebersberg,Full-time
MES-Administrator/Data Engineer Digital Manufacturing (m/w/d) (Informatiker/in (Hochschule)),12/05/2023,Zollner Elektronik AG Werk Zandt,Germany : Cham,Full-time
Softwareentwickler und Data Engineer Industrie 4.0 (w/m/div.) (Wirtschaftsinformatiker/in (Hochschule)),30/05/2023,Robert Bosch GmbH,Germany : Oberallgäu,Full-time
Bearbeiter technisch logistischer Materialdaten (d/m/w) - AIRBUS - Manching - SOFORT (Data Engineer),25/05/2023,Bishop GmbH,Germany : Pfaffenhofen a. d. Ilm,Full-time
IT Consultant (w/m/d) für unser 4me Solution Consulting Team (Data Engineer),19/05/2023,blu Systems GmbH,"Germany : München, Landkreis",Full-time
MES-Administrator/Data Engineer Digital Manufacturing - DB (m/w/d) (Informatiker/in (Hochschule)),12/05/2023,Zollner Elektronik AG Werk Zandt,Germany : Cham,Full-time
Data Engineer / Software Developer (m/w/d) im 5G Innovationsumfeld Telekommunikation (Softwareentwickler/in),04/05/2023,MicroNova AG,Germany : Dachau,Full-time
Datenbank-Entwickler / Data Engineer (m/w/d)Microsoft SQL (IT-System-Kaufmann/-frau),10/03/2023,Betriebskrankenkasse Linde,Germany : Konstanz,Full-time
Datenanalystin / einen Datenanalyst (Univ./Master) (w/m/d) BBRH-2023-0027 (Data Engineer),04/05/2023,Bundesrechnungshof,"Germany : Bonn, Kreisfreie Stadt","Part-time,"
Senior Data Engineer for Automotive Business (m/w/d) (IT-Projektleiter/in (Weiterbildung/Ausbildung)),16/07/2022,Deutsche Telekom AG Konzernzentrale,"Germany : Bonn, Kreisfreie Stadt",Full-time
Senior Software & Data Engineer - Enabling Autonomous Driving Development (f/m/x) (Informatiker/in (Hochschule)),15/05/2023,BMW AG,"Germany : München, Kreisfreie Stadt",Full-time
Software / Data Engineer für Automationslösungen für Kfz-Diagnoseinformationen (w/m/div.) (Informatiker/in (Hochschule)),13/04/2023,Robert Bosch GmbH,Germany : Esslingen,Full-time
MES-Administrator/Data Engineer Digital Manufacturing - Visual Shop Floor (m/w/d) (Informatiker/in (Hochschule)),12/05/2023,Zollner Elektronik AG Werk Zandt,Germany : Cham,Full-time
"Informatiker, Physiker - Data Engineering, Data Warehouse (Informatiker/in (Hochschule))",20/05/2023,KEPPLER.Personalberatung,"Germany : Ludwigshafen am Rhein, Kreisfreie Stadt",Full-time
IT Architekt Data Analytics/ Data Engineering (w/m/d) (Software-Architect),23/05/2023,Capgemini Deutschland,"Germany : Region Hannover , München, Kreisfreie Stadt , Düsseldorf, Kreisfreie Stadt , Nürnberg, Kreisfreie Stadt , Hamburg , Köln, Kreisfreie Stadt , Berlin , Dortmund, Kreisfreie Stadt , Erfurt, Kreisfreie Stadt , Frankfurt am Main, Kreisfreie Stadt",Full-time
(Senior) Berater Data Analytics/ Data Engineering (w/m/d) (IT-Systemanalytiker/in),23/05/2023,Capgemini Deutschland,"Germany : Hamburg , Frankfurt am Main, Kreisfreie Stadt , Nürnberg, Kreisfreie Stadt , Dortmund, Kreisfreie Stadt , Erfurt, Kreisfreie Stadt , Berlin , München, Kreisfreie Stadt , Köln, Kreisfreie Stadt , Region Hannover , Düsseldorf, Kreisfreie Stadt",Full-time
Junior-Berater Data Analytics / Data Engineering (w/m/d) (IT-Berater/in),02/05/2023,Capgemini Deutschland GmbH,"Germany : Nürnberg, Kreisfreie Stadt , Region Hannover , Dortmund, Kreisfreie Stadt , Köln, Kreisfreie Stadt , Frankfurt am Main, Kreisfreie Stadt , Esslingen , Berlin , Mettmann , Hamburg , München, Kreisfreie Stadt",Full-time
Senior Berater Data Analytics Data Engineering (w/m/d) (IT-Berater/in),02/05/2023,Capgemini Deutschland GmbH,"Germany : Hamburg , München, Kreisfreie Stadt , Köln, Kreisfreie Stadt , Region Hannover , Nürnberg, Kreisfreie Stadt , Esslingen , Erfurt, Kreisfreie Stadt , Mettmann , Berlin , Frankfurt am Main, Kreisfreie Stadt",Full-time
Consultant (m/w/d) Microsoft Azure Data Engineering (Remote) (Data-Warehouse-Analyst/in),26/05/2023,Windhoff Software Service GmbH,Germany : Borken,"Flexible,"
Data Engineer:in (Informatiker/in (Hochschule)),16/05/2023,Deutsche Bahn AG,"Germany : Frankfurt am Main, Kreisfreie Stadt",Full-time
Data Engineer:in (Informatiker/in (Hochschule)),15/05/2023,Deutsche Bahn AG,"Germany : Frankfurt am Main, Kreisfreie Stadt",Full-time
Data Engineer:in (Informatiker/in (Hochschule)),11/05/2023,Deutsche Bahn AG,"Germany : Frankfurt am Main, Kreisfreie Stadt",Full-time
Projektleiter:in Data Engineering (Informatiker/in (Hochschule)),09/05/2023,Deutsche Bahn AG,"Germany : Frankfurt am Main, Kreisfreie Stadt , Berlin , Hamburg , München, Kreisfreie Stadt",Full-time
Data Engineer:in Betrieb Fernverkehr (Wirtschaftsinformatiker/in (Hochschule)),19/05/2023,Deutsche Bahn AG,"Germany : Frankfurt am Main, Kreisfreie Stadt",Full-time
Senior DevOps/Data Engineer:in (Informatiker/in (Hochschule)),16/05/2023,Deutsche Bahn AG,"Germany : Frankfurt am Main, Kreisfreie Stadt",Full-time
Projektleiter Data Engineering (m/d/w) (Leiter/in - IT),20/05/2023,Deutsche Bahn AG,"Germany : München, Kreisfreie Stadt",Full-time
Senior Data Engineer:in (w/m/d) (Informatiker/in (Hochschule)),17/05/2023,Deutsche Bahn AG,"Germany : Mainz, Kreisfreie Stadt",Full-time
"Bioinformatician - Software, Data Engineering, MySQL, Python (Biologe/Biologin)",24/05/2023,Immatics Biotechnologies GmbH,"Germany : Tübingen, Landkreis",Full-time
Team Lead (w/m/d) Data Engineering (IT-Berater/in),02/05/2023,Procon-IT GmbH (Garching),"Germany : München, Landkreis",Full-time
(Senior) Data Engineer:in für AI Projekte (Informatiker/in (Hochschule)),11/05/2023,Deutsche Bahn AG,"Germany : Duisburg, Kreisfreie Stadt , Hamburg , Nürnberg, Kreisfreie Stadt , Dresden, Kreisfreie Stadt , Region Hannover , Köln, Kreisfreie Stadt , Frankfurt am Main, Kreisfreie Stadt , Erfurt, Kreisfreie Stadt , München, Kreisfreie Stadt , Berlin",Full-time
Technical Data Engineering (m/w/d) - Maintenance TechData (Metallflugzeugbauer/in),16/05/2023,SimpleXX GmbH,Germany : Bayern,Full-time
Wissenschaftliche*r Mitarbeiter*in Digitale Produktion und Data Engineering (Recruiter),09/05/2023,Zentrale der Fraunhofer Gesellschaft e.V.,"Germany : Münster, Kreisfreie Stadt",Full-time
Informatiker*innen/Mathematiker*innen im Bereich Data Engineering (Wirtschaftsinformatiker/in (Hochschule)),30/05/2023,Deutsche Bundesbank,"Germany : Frankfurt am Main, Kreisfreie Stadt",Full-time
Planer (m/w/d) Qualitäts-Systeme (Schwerpunkt Data Engineering) (Wirtschaftsinformatiker/in (Hochschule)),30/05/2023,Porsche Leipzig GmbH,Germany,Full-time
Technical Data Engineering Specialist (m/w/d) - IPC (Ingenieur/in - Luft- und Raumfahrttechnik),15/05/2023,SimpleXX GmbH,Germany : Bayern,Full-time
Software Developer Python- und Cloud-Architekturen mit Schwerpunkt Data Engineering (Softwareentwickler/in),16/05/2023,Dipl.-Ing Felix Aithnard Delphinco e.K.,"Germany : Baden-Baden, Stadtkreis",Full-time
