,job_titles,Creation date,employer,Job_Type,CountryName,Region
0,Data-Engineer (Data Engineer),2023-05-25,outsourcing4work GmbH,Full-time,Germany , Hamburg
1,Data Engineer (Data Engineer),2023-05-19,Universitätsklinikum Carl Gustav Carus der Technischen Universität,Full-time,Germany , Dresden
1,Data Engineer (Data Engineer),2023-05-19,Universitätsklinikum Carl Gustav Carus der Technischen Universität,Full-time,Germany ,Kreisfreie Stadt
2,Data Engineer (Data Engineer),2023-05-17,aifora GmbH,Full-time,Germany , Düsseldorf
2,Data Engineer (Data Engineer),2023-05-17,aifora GmbH,Full-time,Germany ,Kreisfreie Stadt
3,Data Engineer* - Data Pipelines (Data Engineer),2023-05-19,Zentrale der Fraunhofer Gesellschaft e.V.,Full-time,Germany , Rhein-Sieg-Kreis
4,Data Engineer (m/w/d) (Data Engineer),2023-05-30,Heise Medien GmbH & Co. KG,Full-time,Germany , Region Hannover
5,Data Engineer (m/w/d) (Data Engineer),2023-05-30,Deutsche Bahn AG,Full-time,Germany , Berlin 
5,Data Engineer (m/w/d) (Data Engineer),2023-05-30,Deutsche Bahn AG,Full-time,Germany ,Frankfurt am Main
5,Data Engineer (m/w/d) (Data Engineer),2023-05-30,Deutsche Bahn AG,Full-time,Germany ,Kreisfreie Stadt 
5,Data Engineer (m/w/d) (Data Engineer),2023-05-30,Deutsche Bahn AG,Full-time,Germany ,Erfurt
5,Data Engineer (m/w/d) (Data Engineer),2023-05-30,Deutsche Bahn AG,Full-time,Germany ,Kreisfreie Stadt
6,Data Engineer (w/m/d) (Data Engineer),2023-05-30,KIND GmbH & Co. KG,Full-time,Germany , Region Hannover
7,Data Engineer (m/w/d) (Data Engineer),2023-05-29,SIMunich GmbH,Full-time,Germany , Hamburg
8,Data Engineer (m/w/d) (Data Engineer),2023-05-26,FERCHAU GmbH Niederlassung Heidenheim,Full-time,Germany , Ostalbkreis
9,Data Engineer (m/w/d) (Data Engineer),2023-05-26,krauth technology GmbH,Full-time,Germany , Heidelberg
9,Data Engineer (m/w/d) (Data Engineer),2023-05-26,krauth technology GmbH,Full-time,Germany ,Stadtkreis
10,Data Engineer (m/w/d) (Data Engineer),2023-05-25,Bartels-Langness Handelsgesell schaft mbH & Co. KG,Full-time,Germany , Kiel
10,Data Engineer (m/w/d) (Data Engineer),2023-05-25,Bartels-Langness Handelsgesell schaft mbH & Co. KG,Full-time,Germany ,Kreisfreie Stadt
11,Data Engineer (m/w/d) (Data Engineer),2023-05-24,Universitätsklinikum Carl Gustav Carus Dresden,Full-time,Germany , Dresden
11,Data Engineer (m/w/d) (Data Engineer),2023-05-24,Universitätsklinikum Carl Gustav Carus Dresden,Full-time,Germany ,Kreisfreie Stadt
12,Data Engineer (m/w/d) (Data Engineer),2023-05-22,FERCHAU GmbH Niederlassung Osnabrück,Full-time,Germany , Osnabrück
12,Data Engineer (m/w/d) (Data Engineer),2023-05-22,FERCHAU GmbH Niederlassung Osnabrück,Full-time,Germany ,Kreisfreie Stadt
13,Data Engineer (m/w/d) (Data Engineer),2023-05-21,Schmieder GmbH Unternehmensberatung,Full-time,Germany , Ravensburg
14,Data Engineer (w/m/d) (Data Engineer),2023-05-19,ion2s GmbH,Full-time,Germany , Darmstadt
14,Data Engineer (w/m/d) (Data Engineer),2023-05-19,ion2s GmbH,Full-time,Germany ,Kreisfreie Stadt
15,Data Engineer (m/w/d) (Data Engineer),2023-05-18,E.ON Energie Deutschland GmbH,Full-time,Germany , Essen
15,Data Engineer (m/w/d) (Data Engineer),2023-05-18,E.ON Energie Deutschland GmbH,Full-time,Germany ,Kreisfreie Stadt
16,Data Engineer (m/w/d) (Data Engineer),2023-05-17,SIMO UG (haftungsbeschränkt),"Flexible,",Germany , Miltenberg
17,Data Engineer (w/m/d) (Data Engineer),2023-05-15,Fagus-GreCon Greten GmbH & Co. KG,Full-time,Germany , Hildesheim
18,Data Engineer (m/w/d) (Data Engineer),2023-12-05,FERCHAU GmbH Niederlassung Frankfurt,Full-time,Germany , Frankfurt am Main
18,Data Engineer (m/w/d) (Data Engineer),2023-12-05,FERCHAU GmbH Niederlassung Frankfurt,Full-time,Germany ,Kreisfreie Stadt
19,Data Engineer (m/w/d) (Data Engineer),2023-12-05,REMONDIS IT Services GmbH & Co. KG,Full-time,Germany , Unna
20,Data Engineer (m/w/d) (Data Engineer),2023-04-26,Allgeier IT GmbH Düsseldorf,Full-time,Germany , Berlin
21,Data Engineer (m/w/d) Data & Analytics (Data Engineer),2023-05-29,MID GmbH,Full-time,Germany , Nürnberg
21,Data Engineer (m/w/d) Data & Analytics (Data Engineer),2023-05-29,MID GmbH,Full-time,Germany ,Kreisfreie Stadt
22,(Senior) Data Engineer (all gender) (Data Engineer),2023-05-30,ALTEN GmbH Coburg,Full-time,Germany , Frankfurt am Main
22,(Senior) Data Engineer (all gender) (Data Engineer),2023-05-30,ALTEN GmbH Coburg,Full-time,Germany ,Kreisfreie Stadt
23,Data Engineer:in (Data Engineer),2023-05-30,Deutsche Bahn AG,Full-time,Germany , Frankfurt am Main
23,Data Engineer:in (Data Engineer),2023-05-30,Deutsche Bahn AG,Full-time,Germany ,Kreisfreie Stadt
24,Senior Data Analyst / Data Engineer (m/f/d) (Data Engineer),2023-05-30,VEACT GmbH,Full-time,Germany , München
24,Senior Data Analyst / Data Engineer (m/f/d) (Data Engineer),2023-05-30,VEACT GmbH,Full-time,Germany ,Kreisfreie Stadt
25,BI Data Engineer / Data Architect (m/w/d) (Data Engineer),2023-05-24,Nagel-Group Logistics Europa AG,Full-time,Germany , Gütersloh
26,Senior Data Engineer Data & Personalisation (m/w/d) (Data Engineer),2023-05-22,Lidl Digital,Full-time,Germany , Berlin
27,"Data Engineer / Data Architect (m/w/d) ""MwM"" (Data Engineer)",2023-05-18,SIGNAL IDUNA Krankenversicheru ng a. G.,Full-time,Germany , Hamburg 
27,"Data Engineer / Data Architect (m/w/d) ""MwM"" (Data Engineer)",2023-05-18,SIGNAL IDUNA Krankenversicheru ng a. G.,Full-time,Germany ,Dortmund
27,"Data Engineer / Data Architect (m/w/d) ""MwM"" (Data Engineer)",2023-05-18,SIGNAL IDUNA Krankenversicheru ng a. G.,Full-time,Germany ,Kreisfreie Stadt
28,Senior Data Engineer Data & Personalisation (m/f/d) (Data Engineer),2023-05-15,Lidl Digital,Full-time,Germany , Berlin
29,Microsoft Data Analyst / Data Engineer (m/f/d) (Data Engineer),2023-09-05,Prodware Deutschland AG,Full-time,Germany , Hamburg 
29,Microsoft Data Analyst / Data Engineer (m/f/d) (Data Engineer),2023-09-05,Prodware Deutschland AG,Full-time,Germany ,Fürstenfeldbruck
30,Senior Data Engineer (m/w/d) (Data Engineer),2023-05-30,EDEKA DIGITAL GmbH,Full-time,Germany , Berlin
31,Senior Data Engineer (m/w/d) (Data Engineer),2023-05-30,EDEKA DIGITAL GmbH,Full-time,Germany , Hamburg 
31,Senior Data Engineer (m/w/d) (Data Engineer),2023-05-30,EDEKA DIGITAL GmbH,Full-time,Germany ,Mannheim
31,Senior Data Engineer (m/w/d) (Data Engineer),2023-05-30,EDEKA DIGITAL GmbH,Full-time,Germany ,Stadtkreis
32,Senior Data Engineer (w/m/d) (Data Engineer),2023-05-30,Deutsche Bahn AG,Full-time,Germany , Berlin 
32,Senior Data Engineer (w/m/d) (Data Engineer),2023-05-30,Deutsche Bahn AG,Full-time,Germany ,München
32,Senior Data Engineer (w/m/d) (Data Engineer),2023-05-30,Deutsche Bahn AG,Full-time,Germany ,Kreisfreie Stadt 
32,Senior Data Engineer (w/m/d) (Data Engineer),2023-05-30,Deutsche Bahn AG,Full-time,Germany ,Hamburg 
32,Senior Data Engineer (w/m/d) (Data Engineer),2023-05-30,Deutsche Bahn AG,Full-time,Germany ,Frankfurt am Main
32,Senior Data Engineer (w/m/d) (Data Engineer),2023-05-30,Deutsche Bahn AG,Full-time,Germany ,Kreisfreie Stadt 
32,Senior Data Engineer (w/m/d) (Data Engineer),2023-05-30,Deutsche Bahn AG,Full-time,Germany ,Bremen
32,Senior Data Engineer (w/m/d) (Data Engineer),2023-05-30,Deutsche Bahn AG,Full-time,Germany ,Kreisfreie Stadt
33,Streaming Data Engineer (w/m/d) (Data Engineer),2023-05-30,RTL Deutschland GmbH,"Flexible,",Germany , Köln
33,Streaming Data Engineer (w/m/d) (Data Engineer),2023-05-30,RTL Deutschland GmbH,"Flexible,",Germany ,Kreisfreie Stadt
34,(Senior) Data Engineer (m/w/d) (Data Engineer),2023-05-29,Statista GmbH,Full-time,Germany , Hamburg
35,Data Engineer Prozessdigitalisierung (m/w/d) (Data Engineer),2023-05-25,ISR Information Products AG,Full-time,Germany , Münster
35,Data Engineer Prozessdigitalisierung (m/w/d) (Data Engineer),2023-05-25,ISR Information Products AG,Full-time,Germany ,Kreisfreie Stadt
36,Data Engineer Python (m/f/d) (Data Engineer),2023-05-24,AssetMetrix GmbH,Full-time,Germany , München
36,Data Engineer Python (m/f/d) (Data Engineer),2023-05-24,AssetMetrix GmbH,Full-time,Germany ,Kreisfreie Stadt
37,Master Data Engineer (w/m/d) (Data Engineer),2023-05-24,dmTECH GmbH,Full-time,Germany,
38,Data Engineer Produktion (m/w/d) (Data Engineer),2023-05-23,I.K. Hofmann GmbH,Full-time,Germany , Ostalbkreis
39,Senior Data Engineer (w/m/d) (Data Engineer),2023-05-20,Deutsche Bahn AG,Full-time,Germany , München
39,Senior Data Engineer (w/m/d) (Data Engineer),2023-05-20,Deutsche Bahn AG,Full-time,Germany ,Kreisfreie Stadt
40,Senior Data Engineer (w/m/d) (Data Engineer),2023-05-18,Deutsche Bahn AG,Full-time,Germany , Frankfurt am Main
40,Senior Data Engineer (w/m/d) (Data Engineer),2023-05-18,Deutsche Bahn AG,Full-time,Germany ,Kreisfreie Stadt
41,Senior Data Engineer (m/f/d) (Data Engineer),2023-05-15,Carly Connected Car,Full-time,Germany , München
41,Senior Data Engineer (m/f/d) (Data Engineer),2023-05-15,Carly Connected Car,Full-time,Germany ,Kreisfreie Stadt
42,Senior Data Engineer (w/m/d) (Data Engineer),2023-05-14,Deutsche Bahn AG,Full-time,Germany , Mainz
42,Senior Data Engineer (w/m/d) (Data Engineer),2023-05-14,Deutsche Bahn AG,Full-time,Germany ,Kreisfreie Stadt
43,(Senior) Data Engineer (m/w/d) (Data Engineer),2023-12-05,esentri AG,Full-time,Germany , Köln
43,(Senior) Data Engineer (m/w/d) (Data Engineer),2023-12-05,esentri AG,Full-time,Germany ,Kreisfreie Stadt
44,(Senior) Data Engineer (m/w/d) (Data Engineer),2023-12-05,esentri AG,Full-time,Germany , München
44,(Senior) Data Engineer (m/w/d) (Data Engineer),2023-12-05,esentri AG,Full-time,Germany ,Kreisfreie Stadt
45,(Senior) Data Engineer (m/w/d) (Data Engineer),2023-12-05,esentri AG,Full-time,Germany , Karlsruhe
45,(Senior) Data Engineer (m/w/d) (Data Engineer),2023-12-05,esentri AG,Full-time,Germany ,Landkreis
46,Data Engineer / Architect (m/w/d) (Data Engineer),2023-12-05,Fressnapf Holding SE,Full-time,Germany , Krefeld
46,Data Engineer / Architect (m/w/d) (Data Engineer),2023-12-05,Fressnapf Holding SE,Full-time,Germany ,Kreisfreie Stadt
47,Senior Data Engineer (w/m/div)* (Data Engineer),2023-05-23,Infineon Technologies AG,Full-time,Germany , Soest
48,Data Engineer / Software Engineer (Python) (m/w/d) (Data Engineer),2023-08-05,GS Elektromedizinische Geräte G. Stemple GmbH,"Flexible,",Germany , Landsberg am Lech
49,Data Manager (Data Engineer),2023-08-05,Klinikum der Universität München,Full-time,Germany , München
49,Data Manager (Data Engineer),2023-08-05,Klinikum der Universität München,Full-time,Germany ,Kreisfreie Stadt
50,Data Engineer Data Warehouse/Business Intelligence (m/w/d) (Data Engineer),2023-05-30,WWK Lebensversicherung a. G.,Full-time,Germany , München
50,Data Engineer Data Warehouse/Business Intelligence (m/w/d) (Data Engineer),2023-05-30,WWK Lebensversicherung a. G.,Full-time,Germany ,Kreisfreie Stadt
51,Azure Data Factory & Spark Data Engineer (w|m|d) (Data Engineer),2023-02-05,BridgingIT GmbH,Full-time,Germany , Schwerin
51,Azure Data Factory & Spark Data Engineer (w|m|d) (Data Engineer),2023-02-05,BridgingIT GmbH,Full-time,Germany ,Kreisfreie Stadt 
51,Azure Data Factory & Spark Data Engineer (w|m|d) (Data Engineer),2023-02-05,BridgingIT GmbH,Full-time,Germany ,München
51,Azure Data Factory & Spark Data Engineer (w|m|d) (Data Engineer),2023-02-05,BridgingIT GmbH,Full-time,Germany ,Kreisfreie Stadt 
51,Azure Data Factory & Spark Data Engineer (w|m|d) (Data Engineer),2023-02-05,BridgingIT GmbH,Full-time,Germany ,Frankfurt am Main
51,Azure Data Factory & Spark Data Engineer (w|m|d) (Data Engineer),2023-02-05,BridgingIT GmbH,Full-time,Germany ,Kreisfreie Stadt 
51,Azure Data Factory & Spark Data Engineer (w|m|d) (Data Engineer),2023-02-05,BridgingIT GmbH,Full-time,Germany ,Mannheim
51,Azure Data Factory & Spark Data Engineer (w|m|d) (Data Engineer),2023-02-05,BridgingIT GmbH,Full-time,Germany ,Stadtkreis 
51,Azure Data Factory & Spark Data Engineer (w|m|d) (Data Engineer),2023-02-05,BridgingIT GmbH,Full-time,Germany ,Köln
51,Azure Data Factory & Spark Data Engineer (w|m|d) (Data Engineer),2023-02-05,BridgingIT GmbH,Full-time,Germany ,Kreisfreie Stadt 
51,Azure Data Factory & Spark Data Engineer (w|m|d) (Data Engineer),2023-02-05,BridgingIT GmbH,Full-time,Germany ,Berlin 
51,Azure Data Factory & Spark Data Engineer (w|m|d) (Data Engineer),2023-02-05,BridgingIT GmbH,Full-time,Germany ,Stuttgart
51,Azure Data Factory & Spark Data Engineer (w|m|d) (Data Engineer),2023-02-05,BridgingIT GmbH,Full-time,Germany ,Stadtkreis 
51,Azure Data Factory & Spark Data Engineer (w|m|d) (Data Engineer),2023-02-05,BridgingIT GmbH,Full-time,Germany ,Nürnberg
51,Azure Data Factory & Spark Data Engineer (w|m|d) (Data Engineer),2023-02-05,BridgingIT GmbH,Full-time,Germany ,Kreisfreie Stadt 
51,Azure Data Factory & Spark Data Engineer (w|m|d) (Data Engineer),2023-02-05,BridgingIT GmbH,Full-time,Germany ,Hamburg
52,Data Engineer / ETL-Entwickler (m/w/d) (Data Engineer),2023-05-30,msg nexinsure ag,Full-time,Germany , Passau
52,Data Engineer / ETL-Entwickler (m/w/d) (Data Engineer),2023-05-30,msg nexinsure ag,Full-time,Germany ,Kreisfreie Stadt 
52,Data Engineer / ETL-Entwickler (m/w/d) (Data Engineer),2023-05-30,msg nexinsure ag,Full-time,Germany ,München
52,Data Engineer / ETL-Entwickler (m/w/d) (Data Engineer),2023-05-30,msg nexinsure ag,Full-time,Germany ,Landkreis 
52,Data Engineer / ETL-Entwickler (m/w/d) (Data Engineer),2023-05-30,msg nexinsure ag,Full-time,Germany ,Hamburg 
52,Data Engineer / ETL-Entwickler (m/w/d) (Data Engineer),2023-05-30,msg nexinsure ag,Full-time,Germany ,Chemnitz
52,Data Engineer / ETL-Entwickler (m/w/d) (Data Engineer),2023-05-30,msg nexinsure ag,Full-time,Germany ,Kreisfreie Stadt
53,Senior Process Data Engineer (w/m/d) (Data Engineer),2023-05-30,Wacker Chemie AG,Full-time,Germany , Altötting
54,Azure Data Engineer / Scientist (m/w/d) (Data Engineer),2023-05-30,TIMETOACT GROUP GmbH,"Part-time,",Germany , Fürth
54,Azure Data Engineer / Scientist (m/w/d) (Data Engineer),2023-05-30,TIMETOACT GROUP GmbH,"Part-time,",Germany ,Kreisfreie Stadt
55,Data Engineer | Personalization & Recommendation (f/m/x) (Data Engineer),2023-05-30,RTL Deutschland GmbH,Full-time,Germany , Köln
55,Data Engineer | Personalization & Recommendation (f/m/x) (Data Engineer),2023-05-30,RTL Deutschland GmbH,Full-time,Germany ,Kreisfreie Stadt
56,Data Engineer - ETL / Airflow (m/w/d) (Data Engineer),2023-05-28,E.ON Energie Deutschland GmbH,Full-time,Germany , Essen
56,Data Engineer - ETL / Airflow (m/w/d) (Data Engineer),2023-05-28,E.ON Energie Deutschland GmbH,Full-time,Germany ,Kreisfreie Stadt
57,Senior DevOps/Data Engineer (w/m/d) (Data Engineer),2023-05-27,Deutsche Bahn AG,Full-time,Germany , Frankfurt am Main
57,Senior DevOps/Data Engineer (w/m/d) (Data Engineer),2023-05-27,Deutsche Bahn AG,Full-time,Germany ,Kreisfreie Stadt
58,Data Engineer - Machine Learning (m/f/d) (Data Engineer),2023-05-19,Ratepay GmbH,Full-time,Germany , Berlin
59,Computer Vision Data Engineer (m/f/d) (Data Engineer),2023-05-17,Energy Robotics,Full-time,Germany , Darmstadt
59,Computer Vision Data Engineer (m/f/d) (Data Engineer),2023-05-17,Energy Robotics,Full-time,Germany ,Kreisfreie Stadt
60,Social Media Data Engineer (m/w/d) (Data Engineer),2023-05-17,Pro Technology GmbH,"Flexible,",Germany , Dresden
60,Social Media Data Engineer (m/w/d) (Data Engineer),2023-05-17,Pro Technology GmbH,"Flexible,",Germany ,Kreisfreie Stadt
61,SAP BW Data Engineer (m/w/d) (Data Engineer),2023-05-16,Stiegelmeyer GmbH & Co. KG,Full-time,Germany , Herford
62,Data Engineer Betrieb Fernverkehr (m/d/w) (Data Engineer),2023-05-16,Deutsche Bahn AG,Full-time,Germany , Frankfurt am Main
62,Data Engineer Betrieb Fernverkehr (m/d/w) (Data Engineer),2023-05-16,Deutsche Bahn AG,Full-time,Germany ,Kreisfreie Stadt
63,BI Developer/ Data Engineer (m/w/d) (Data Engineer),2023-05-15,U.N.P. - HRSolutions GmbH,Full-time,Germany , Hamburg
64,Business Intelligence Data Engineer (w/m/d) (Data Engineer),2023-05-15,HUK-COBURG Versicherungsgruppe,Full-time,Germany , Coburg
64,Business Intelligence Data Engineer (w/m/d) (Data Engineer),2023-05-15,HUK-COBURG Versicherungsgruppe,Full-time,Germany ,Kreisfreie Stadt
65,Data Engineer Power Platform (w/m/d) (Data Engineer),2023-05-15,Deutsche Bahn AG,Full-time,Germany , Frankfurt am Main
65,Data Engineer Power Platform (w/m/d) (Data Engineer),2023-05-15,Deutsche Bahn AG,Full-time,Germany ,Kreisfreie Stadt
66,Senior Data Engineer Azure (w/m/d) (Data Engineer),2023-05-15,Deutsche Bahn AG,Full-time,Germany , Frankfurt am Main
66,Senior Data Engineer Azure (w/m/d) (Data Engineer),2023-05-15,Deutsche Bahn AG,Full-time,Germany ,Kreisfreie Stadt
67,Senior Cloud Data Engineer (m/w/d) (Data Engineer),2023-05-15,Deutsche Telekom AG Konzernzentrale,Full-time,Germany , Hamburg 
67,Senior Cloud Data Engineer (m/w/d) (Data Engineer),2023-05-15,Deutsche Telekom AG Konzernzentrale,Full-time,Germany ,Esslingen 
67,Senior Cloud Data Engineer (m/w/d) (Data Engineer),2023-05-15,Deutsche Telekom AG Konzernzentrale,Full-time,Germany ,Wolfsburg
67,Senior Cloud Data Engineer (m/w/d) (Data Engineer),2023-05-15,Deutsche Telekom AG Konzernzentrale,Full-time,Germany ,Kreisfreie Stadt 
67,Senior Cloud Data Engineer (m/w/d) (Data Engineer),2023-05-15,Deutsche Telekom AG Konzernzentrale,Full-time,Germany ,Region Hannover 
67,Senior Cloud Data Engineer (m/w/d) (Data Engineer),2023-05-15,Deutsche Telekom AG Konzernzentrale,Full-time,Germany ,Nürnberg
67,Senior Cloud Data Engineer (m/w/d) (Data Engineer),2023-05-15,Deutsche Telekom AG Konzernzentrale,Full-time,Germany ,Kreisfreie Stadt 
67,Senior Cloud Data Engineer (m/w/d) (Data Engineer),2023-05-15,Deutsche Telekom AG Konzernzentrale,Full-time,Germany ,Berlin 
67,Senior Cloud Data Engineer (m/w/d) (Data Engineer),2023-05-15,Deutsche Telekom AG Konzernzentrale,Full-time,Germany ,Bonn
67,Senior Cloud Data Engineer (m/w/d) (Data Engineer),2023-05-15,Deutsche Telekom AG Konzernzentrale,Full-time,Germany ,Kreisfreie Stadt
68,Data Engineer - Schwerpunkt Microsoft (m/w/d) (Data Engineer),2023-04-05,DPD DEUTSCHLAND GMBH VZ,Full-time,Germany , Aschaffenburg
68,Data Engineer - Schwerpunkt Microsoft (m/w/d) (Data Engineer),2023-04-05,DPD DEUTSCHLAND GMBH VZ,Full-time,Germany ,Kreisfreie Stadt
69,(Jr./Senior) Data Engineer [m/w/d] (Data Engineer),2023-08-03,paiqo GmbH,Full-time,Germany , Paderborn
70,Data Engineer / Data Lake Developer / IT Data Specialist (m/w/d) (Data Engineer),2023-05-19,Alfred Kärcher SE & Co. KG,Full-time,Germany , Rems-Murr-Kreis
71,Projektleiter:in Data Engineering (Data Engineer),2023-05-15,Deutsche Bahn AG,Full-time,Germany , Frankfurt am Main
71,Projektleiter:in Data Engineering (Data Engineer),2023-05-15,Deutsche Bahn AG,Full-time,Germany ,Kreisfreie Stadt 
71,Projektleiter:in Data Engineering (Data Engineer),2023-05-15,Deutsche Bahn AG,Full-time,Germany ,Berlin 
71,Projektleiter:in Data Engineering (Data Engineer),2023-05-15,Deutsche Bahn AG,Full-time,Germany ,Hamburg 
71,Projektleiter:in Data Engineering (Data Engineer),2023-05-15,Deutsche Bahn AG,Full-time,Germany ,München
71,Projektleiter:in Data Engineering (Data Engineer),2023-05-15,Deutsche Bahn AG,Full-time,Germany ,Kreisfreie Stadt
72,Data Engineer/Analyst im Chief Data Office (m/w/d) (Data Engineer),2023-05-23,Allianz Deutschland AG,Full-time,Germany , München
72,Data Engineer/Analyst im Chief Data Office (m/w/d) (Data Engineer),2023-05-23,Allianz Deutschland AG,Full-time,Germany ,Kreisfreie Stadt
73,Data Engineer Process Mining (Inhouse) (m/w/d) (Data Engineer),2023-05-30,SIEGENIA GRUPPE Verwaltungs-GmbH,Full-time,Germany , Siegen-Wittgenstein
74,Senior Data Engineer - Machine Learning (m/f/d) (Data Engineer),2023-05-19,Ratepay GmbH,Full-time,Germany , Berlin
75,Data Engineer (m/w/d) mit mehrjähriger Erfahrung (Data Engineer),2023-05-05,INIT Individ. Softwareentwickl ung und Beratungs GmbH,Full-time,Germany , Stuttgart
75,Data Engineer (m/w/d) mit mehrjähriger Erfahrung (Data Engineer),2023-05-05,INIT Individ. Softwareentwickl ung und Beratungs GmbH,Full-time,Germany ,Stadtkreis
76,Junior Data Engineer - Schwerpunkt Microsoft (m/w/d) (Data Engineer),2023-04-05,DPD DEUTSCHLAND GMBH VZ,Full-time,Germany , Aschaffenburg
76,Junior Data Engineer - Schwerpunkt Microsoft (m/w/d) (Data Engineer),2023-04-05,DPD DEUTSCHLAND GMBH VZ,Full-time,Germany ,Kreisfreie Stadt
77,Data Engineer m/w/d mit PowerBI Kenntnissen (Data Engineer),2023-04-27,blanc&blanc CONSULTING oHG,"Part-time,",Germany , Hamburg
78,Data Process Manager (Data Engineer),2023-03-05,c2g-engineering GmbH,"Part-time,",Germany , Berlin
79,Data Analyst (mIwId) (Data Engineer),2023-04-30,LeySelect GmbH,Full-time,Germany , Baden-Württemberg
80,Werkstudent:in Data Engineer für Sensordatenanalyse Digitale Schiene Deutschland (Data Engineer),2023-05-30,Deutsche Bahn AG,Full-time,Germany , Berlin
81,Data/DevOps Engineer (m/w/d) (Data Engineer),2023-05-30,Deutsche Bahn AG,Full-time,Germany , Erfurt
81,Data/DevOps Engineer (m/w/d) (Data Engineer),2023-05-30,Deutsche Bahn AG,Full-time,Germany ,Kreisfreie Stadt 
81,Data/DevOps Engineer (m/w/d) (Data Engineer),2023-05-30,Deutsche Bahn AG,Full-time,Germany ,Region Hannover 
81,Data/DevOps Engineer (m/w/d) (Data Engineer),2023-05-30,Deutsche Bahn AG,Full-time,Germany ,Berlin 
81,Data/DevOps Engineer (m/w/d) (Data Engineer),2023-05-30,Deutsche Bahn AG,Full-time,Germany ,Hamburg 
81,Data/DevOps Engineer (m/w/d) (Data Engineer),2023-05-30,Deutsche Bahn AG,Full-time,Germany ,Köln
81,Data/DevOps Engineer (m/w/d) (Data Engineer),2023-05-30,Deutsche Bahn AG,Full-time,Germany ,Kreisfreie Stadt 
81,Data/DevOps Engineer (m/w/d) (Data Engineer),2023-05-30,Deutsche Bahn AG,Full-time,Germany ,Nürnberg
81,Data/DevOps Engineer (m/w/d) (Data Engineer),2023-05-30,Deutsche Bahn AG,Full-time,Germany ,Kreisfreie Stadt 
81,Data/DevOps Engineer (m/w/d) (Data Engineer),2023-05-30,Deutsche Bahn AG,Full-time,Germany ,München
81,Data/DevOps Engineer (m/w/d) (Data Engineer),2023-05-30,Deutsche Bahn AG,Full-time,Germany ,Kreisfreie Stadt 
81,Data/DevOps Engineer (m/w/d) (Data Engineer),2023-05-30,Deutsche Bahn AG,Full-time,Germany ,Frankfurt am Main
81,Data/DevOps Engineer (m/w/d) (Data Engineer),2023-05-30,Deutsche Bahn AG,Full-time,Germany ,Kreisfreie Stadt 
81,Data/DevOps Engineer (m/w/d) (Data Engineer),2023-05-30,Deutsche Bahn AG,Full-time,Germany ,Dresden
81,Data/DevOps Engineer (m/w/d) (Data Engineer),2023-05-30,Deutsche Bahn AG,Full-time,Germany ,Kreisfreie Stadt 
81,Data/DevOps Engineer (m/w/d) (Data Engineer),2023-05-30,Deutsche Bahn AG,Full-time,Germany ,Duisburg
81,Data/DevOps Engineer (m/w/d) (Data Engineer),2023-05-30,Deutsche Bahn AG,Full-time,Germany ,Kreisfreie Stadt
82,Data Warehouse Engineer (m/d/w) (Data Engineer),2023-05-24,enercity AG,Full-time,Germany , Region Hannover
83,Data Platform Engineer (m/w/d) (Data Engineer),2023-10-05,E.ON Energie Deutschland GmbH,Full-time,Germany , München
83,Data Platform Engineer (m/w/d) (Data Engineer),2023-10-05,E.ON Energie Deutschland GmbH,Full-time,Germany ,Kreisfreie Stadt
84,AWS Cloud Data Engineer:in (Data Engineer),2023-05-18,Deutsche Bahn AG,Full-time,Germany , Frankfurt am Main
84,AWS Cloud Data Engineer:in (Data Engineer),2023-05-18,Deutsche Bahn AG,Full-time,Germany ,Kreisfreie Stadt
85,AWS Cloud Data Engineer:in (Data Engineer),2023-05-17,Deutsche Bahn AG,Full-time,Germany , Frankfurt am Main
85,AWS Cloud Data Engineer:in (Data Engineer),2023-05-17,Deutsche Bahn AG,Full-time,Germany ,Kreisfreie Stadt
86,Data Engineer:in Betrieb Fernverkehr (Data Engineer),2023-05-15,Deutsche Bahn AG,Full-time,Germany , Frankfurt am Main
86,Data Engineer:in Betrieb Fernverkehr (Data Engineer),2023-05-15,Deutsche Bahn AG,Full-time,Germany ,Kreisfreie Stadt
87,Senior DevOps/Data Engineer:in (Data Engineer),2023-05-15,Deutsche Bahn AG,Full-time,Germany , Frankfurt am Main
87,Senior DevOps/Data Engineer:in (Data Engineer),2023-05-15,Deutsche Bahn AG,Full-time,Germany ,Kreisfreie Stadt
88,(Senior) Data Engineer für AI Projekte (m/d/w) (Data Engineer),2023-05-30,Deutsche Bahn AG,Full-time,Germany , Köln
88,(Senior) Data Engineer für AI Projekte (m/d/w) (Data Engineer),2023-05-30,Deutsche Bahn AG,Full-time,Germany ,Kreisfreie Stadt 
88,(Senior) Data Engineer für AI Projekte (m/d/w) (Data Engineer),2023-05-30,Deutsche Bahn AG,Full-time,Germany ,Berlin 
88,(Senior) Data Engineer für AI Projekte (m/d/w) (Data Engineer),2023-05-30,Deutsche Bahn AG,Full-time,Germany ,Hamburg 
88,(Senior) Data Engineer für AI Projekte (m/d/w) (Data Engineer),2023-05-30,Deutsche Bahn AG,Full-time,Germany ,Nürnberg
88,(Senior) Data Engineer für AI Projekte (m/d/w) (Data Engineer),2023-05-30,Deutsche Bahn AG,Full-time,Germany ,Kreisfreie Stadt 
88,(Senior) Data Engineer für AI Projekte (m/d/w) (Data Engineer),2023-05-30,Deutsche Bahn AG,Full-time,Germany ,Frankfurt am Main
88,(Senior) Data Engineer für AI Projekte (m/d/w) (Data Engineer),2023-05-30,Deutsche Bahn AG,Full-time,Germany ,Kreisfreie Stadt 
88,(Senior) Data Engineer für AI Projekte (m/d/w) (Data Engineer),2023-05-30,Deutsche Bahn AG,Full-time,Germany ,Region Hannover 
88,(Senior) Data Engineer für AI Projekte (m/d/w) (Data Engineer),2023-05-30,Deutsche Bahn AG,Full-time,Germany ,Erfurt
88,(Senior) Data Engineer für AI Projekte (m/d/w) (Data Engineer),2023-05-30,Deutsche Bahn AG,Full-time,Germany ,Kreisfreie Stadt 
88,(Senior) Data Engineer für AI Projekte (m/d/w) (Data Engineer),2023-05-30,Deutsche Bahn AG,Full-time,Germany ,Dresden
88,(Senior) Data Engineer für AI Projekte (m/d/w) (Data Engineer),2023-05-30,Deutsche Bahn AG,Full-time,Germany ,Kreisfreie Stadt 
88,(Senior) Data Engineer für AI Projekte (m/d/w) (Data Engineer),2023-05-30,Deutsche Bahn AG,Full-time,Germany ,Duisburg
88,(Senior) Data Engineer für AI Projekte (m/d/w) (Data Engineer),2023-05-30,Deutsche Bahn AG,Full-time,Germany ,Kreisfreie Stadt 
88,(Senior) Data Engineer für AI Projekte (m/d/w) (Data Engineer),2023-05-30,Deutsche Bahn AG,Full-time,Germany ,München
88,(Senior) Data Engineer für AI Projekte (m/d/w) (Data Engineer),2023-05-30,Deutsche Bahn AG,Full-time,Germany ,Kreisfreie Stadt
89,Data Engineer Onboarding & Technical Customer Success (m/w/d) (Data Engineer),2023-10-05,PlanerAI GmbH,"Flexible,",Germany , Würzburg
89,Data Engineer Onboarding & Technical Customer Success (m/w/d) (Data Engineer),2023-10-05,PlanerAI GmbH,"Flexible,",Germany ,Kreisfreie Stadt
90,Data Lead (all genders) (Data Engineer),2023-09-05,RECUP,Full-time,Germany , München
90,Data Lead (all genders) (Data Engineer),2023-09-05,RECUP,Full-time,Germany ,Kreisfreie Stadt
91,Data-Engineer im Global Engineering (m/w/d) zur Direktvermittlung (Data Engineer),2023-05-23,FERCHAU GmbH Niederlassung Regensburg,Full-time,Germany , Cham
92,Senior Data Platform Engineer (m/f/d) (Data Engineer),2023-05-19,Mabanaft GmbH & Co. KG,Full-time,Germany , Hamburg
93,Senior Data Engineer Azure Synapse in Mainz m/w/d (Data Engineer),2023-09-05,VP Verbund Pflegehilfe GmbH,Full-time,Germany , Mainz
93,Senior Data Engineer Azure Synapse in Mainz m/w/d (Data Engineer),2023-09-05,VP Verbund Pflegehilfe GmbH,Full-time,Germany ,Kreisfreie Stadt
94,"Data Engineer (m/w/d) für Dortmund, Hannover oder remote (Data Engineer)",2023-05-19,QuinScape,Full-time,Germany , Dortmund
94,"Data Engineer (m/w/d) für Dortmund, Hannover oder remote (Data Engineer)",2023-05-19,QuinScape,Full-time,Germany ,Kreisfreie Stadt
95,Data Engineer:in - DB Smart Logistic (Data Engineer),2023-05-15,Deutsche Bahn AG,Full-time,Germany , Berlin 
95,Data Engineer:in - DB Smart Logistic (Data Engineer),2023-05-15,Deutsche Bahn AG,Full-time,Germany ,Erfurt
95,Data Engineer:in - DB Smart Logistic (Data Engineer),2023-05-15,Deutsche Bahn AG,Full-time,Germany ,Kreisfreie Stadt 
95,Data Engineer:in - DB Smart Logistic (Data Engineer),2023-05-15,Deutsche Bahn AG,Full-time,Germany ,Frankfurt am Main
95,Data Engineer:in - DB Smart Logistic (Data Engineer),2023-05-15,Deutsche Bahn AG,Full-time,Germany ,Kreisfreie Stadt
96,Data Engineer:in - DB Smart Logistic (Data Engineer),2023-05-15,Deutsche Bahn AG,Full-time,Germany , Erfurt
96,Data Engineer:in - DB Smart Logistic (Data Engineer),2023-05-15,Deutsche Bahn AG,Full-time,Germany ,Kreisfreie Stadt 
96,Data Engineer:in - DB Smart Logistic (Data Engineer),2023-05-15,Deutsche Bahn AG,Full-time,Germany ,Berlin 
96,Data Engineer:in - DB Smart Logistic (Data Engineer),2023-05-15,Deutsche Bahn AG,Full-time,Germany ,Frankfurt am Main
96,Data Engineer:in - DB Smart Logistic (Data Engineer),2023-05-15,Deutsche Bahn AG,Full-time,Germany ,Kreisfreie Stadt
97,Senior Data Engineer for Mercedes-Benz SoftwareFactory (all genders) - Berlin (Data Engineer),2023-10-05,MBition GmbH,Full-time,Germany , Berlin
98,Data Engineer (m/w/d) (Data Scientist),2023-05-30,Hays AG,Full-time,Germany , Berlin
99,Data Engineer (m/w/d) (Data Scientist),2023-05-29,Hays Professional Solutions GmbH Standort Stuttgart,Full-time,Germany , Baden-Württemberg
100,Data Consultant (m/w/d) (Data Engineer),2023-05-15,taod Consulting GmbH',Full-time,Germany , Köln
100,Data Consultant (m/w/d) (Data Engineer),2023-05-15,taod Consulting GmbH',Full-time,Germany ,Kreisfreie Stadt
101,Engineer Data und Analytics Ticketautomaten (w/m/d) (Data Engineer),2023-05-24,Deutsche Bahn AG,Full-time,Germany , Frankfurt am Main
101,Engineer Data und Analytics Ticketautomaten (w/m/d) (Data Engineer),2023-05-24,Deutsche Bahn AG,Full-time,Germany ,Kreisfreie Stadt
102,Operation Engineer Data Analytics Platform (d/m/w) (Data Engineer),2023-05-23,Toll Collect GmbH,Full-time,Germany , Berlin
103,Projektleiter Data Engineering (m/d/w) (Data Engineer),2023-05-27,Deutsche Bahn AG,Full-time,Germany , Berlin 
103,Projektleiter Data Engineering (m/d/w) (Data Engineer),2023-05-27,Deutsche Bahn AG,Full-time,Germany ,München
103,Projektleiter Data Engineering (m/d/w) (Data Engineer),2023-05-27,Deutsche Bahn AG,Full-time,Germany ,Kreisfreie Stadt 
103,Projektleiter Data Engineering (m/d/w) (Data Engineer),2023-05-27,Deutsche Bahn AG,Full-time,Germany ,Hamburg 
103,Projektleiter Data Engineering (m/d/w) (Data Engineer),2023-05-27,Deutsche Bahn AG,Full-time,Germany ,Frankfurt am Main
103,Projektleiter Data Engineering (m/d/w) (Data Engineer),2023-05-27,Deutsche Bahn AG,Full-time,Germany ,Kreisfreie Stadt
104,Senior Data Engineer:in (w/m/d) (Data Engineer),2023-05-15,Deutsche Bahn AG,Full-time,Germany , Mainz
104,Senior Data Engineer:in (w/m/d) (Data Engineer),2023-05-15,Deutsche Bahn AG,Full-time,Germany ,Kreisfreie Stadt
105,(Senior) Data Engineer:in für AI Projekte (Data Engineer),2023-05-30,Deutsche Bahn AG,Full-time,Germany,
106,DATA ENGINEER BIG DATA/FAST DATA (M/W/D) (Data Scientist),2023-05-16,jambit GmbH,"Part-time,",Germany , Leipzig
106,DATA ENGINEER BIG DATA/FAST DATA (M/W/D) (Data Scientist),2023-05-16,jambit GmbH,"Part-time,",Germany ,Kreisfreie Stadt
107,Quality Data Analyst (m|w|d) (Data Engineer),2023-05-26,Miltenyi Biotec B.V. & Co. KG,Full-time,Germany , Rheinisch-Bergischer Kreis
108,Mitarbeiter Data Quality (m/w/d) (Data Engineer),2023-05-24,FATH GmbH,Full-time,Germany , Roth
109,Data Warehouse Analyst (m/w/d) (Data Engineer),2023-05-24,Networking Personalkonzepte GmbH,Full-time,Germany , Region Hannover
110,Trainee Data Consultant (m/w/d) (Data Engineer),2023-05-22,taod Consulting GmbH',Full-time,Germany , Köln
110,Trainee Data Consultant (m/w/d) (Data Engineer),2023-05-22,taod Consulting GmbH',Full-time,Germany ,Kreisfreie Stadt
111,Data Integrity Manager (m/w/d) (Data Engineer),2023-05-15,Biotest AG,Full-time,Germany , Offenbach
111,Data Integrity Manager (m/w/d) (Data Engineer),2023-05-15,Biotest AG,Full-time,Germany ,Landkreis
112,Azure Data Platform Engineer - Energy Markets (d/f/m) (Data Engineer),2023-05-17,E.ON Energy Markets GmbH,Full-time,Germany , Essen
112,Azure Data Platform Engineer - Energy Markets (d/f/m) (Data Engineer),2023-05-17,E.ON Energy Markets GmbH,Full-time,Germany ,Kreisfreie Stadt
113,(Senior) Data Scientist / Data Engineer (m/w/d) (Data Scientist),2023-05-26,FERCHAU GmbH Niederlassung Stuttgart Automotive,Full-time,Germany , Stuttgart
113,(Senior) Data Scientist / Data Engineer (m/w/d) (Data Scientist),2023-05-26,FERCHAU GmbH Niederlassung Stuttgart Automotive,Full-time,Germany ,Stadtkreis
114,Data Architect Master Data Management (m/w/d) (Data Engineer),2023-12-05,Fressnapf Holding SE,Full-time,Germany , Krefeld
114,Data Architect Master Data Management (m/w/d) (Data Engineer),2023-12-05,Fressnapf Holding SE,Full-time,Germany ,Kreisfreie Stadt
115,Data Engineering Experte (m/w/d) Produktion (Data Engineer),2023-05-30,FERCHAU GmbH Niederlassung Nürnberg City,Full-time,Germany , Nürnberg
115,Data Engineering Experte (m/w/d) Produktion (Data Engineer),2023-05-30,FERCHAU GmbH Niederlassung Nürnberg City,Full-time,Germany ,Kreisfreie Stadt
116,Junior Business Engineer (m/d/w) (Data Engineer),2023-05-24,Deutsche Bahn AG,Full-time,Germany , Frankfurt am Main
116,Junior Business Engineer (m/d/w) (Data Engineer),2023-05-24,Deutsche Bahn AG,Full-time,Germany ,Kreisfreie Stadt 
116,Junior Business Engineer (m/d/w) (Data Engineer),2023-05-24,Deutsche Bahn AG,Full-time,Germany ,Berlin 
116,Junior Business Engineer (m/d/w) (Data Engineer),2023-05-24,Deutsche Bahn AG,Full-time,Germany ,Erfurt
116,Junior Business Engineer (m/d/w) (Data Engineer),2023-05-24,Deutsche Bahn AG,Full-time,Germany ,Kreisfreie Stadt
117,System Engineer Netzwerk (m/w/d) (Data Engineer),2023-05-22,SIGNAL IDUNA Krankenversicheru ng a. G.,Full-time,Germany , Hamburg
118,Data Engineer Data Analytics und Intelligence (w/m/d) (Data Scientist),2023-05-30,Deutsche Bahn AG,Full-time,Germany , Frankfurt am Main
118,Data Engineer Data Analytics und Intelligence (w/m/d) (Data Scientist),2023-05-30,Deutsche Bahn AG,Full-time,Germany ,Kreisfreie Stadt
119,Azure Data Factory & Spark Data Engineer (w|m|d) (Data Scientist),2023-10-05,BridgingIT GmbH,Full-time,Germany , Frankfurt am Main
119,Azure Data Factory & Spark Data Engineer (w|m|d) (Data Scientist),2023-10-05,BridgingIT GmbH,Full-time,Germany ,Kreisfreie Stadt 
119,Azure Data Factory & Spark Data Engineer (w|m|d) (Data Scientist),2023-10-05,BridgingIT GmbH,Full-time,Germany ,Köln
119,Azure Data Factory & Spark Data Engineer (w|m|d) (Data Scientist),2023-10-05,BridgingIT GmbH,Full-time,Germany ,Kreisfreie Stadt 
119,Azure Data Factory & Spark Data Engineer (w|m|d) (Data Scientist),2023-10-05,BridgingIT GmbH,Full-time,Germany ,Stuttgart
119,Azure Data Factory & Spark Data Engineer (w|m|d) (Data Scientist),2023-10-05,BridgingIT GmbH,Full-time,Germany ,Stadtkreis 
119,Azure Data Factory & Spark Data Engineer (w|m|d) (Data Scientist),2023-10-05,BridgingIT GmbH,Full-time,Germany ,Schwerin
119,Azure Data Factory & Spark Data Engineer (w|m|d) (Data Scientist),2023-10-05,BridgingIT GmbH,Full-time,Germany ,Kreisfreie Stadt 
119,Azure Data Factory & Spark Data Engineer (w|m|d) (Data Scientist),2023-10-05,BridgingIT GmbH,Full-time,Germany ,München
119,Azure Data Factory & Spark Data Engineer (w|m|d) (Data Scientist),2023-10-05,BridgingIT GmbH,Full-time,Germany ,Kreisfreie Stadt 
119,Azure Data Factory & Spark Data Engineer (w|m|d) (Data Scientist),2023-10-05,BridgingIT GmbH,Full-time,Germany ,Mannheim
119,Azure Data Factory & Spark Data Engineer (w|m|d) (Data Scientist),2023-10-05,BridgingIT GmbH,Full-time,Germany ,Stadtkreis 
119,Azure Data Factory & Spark Data Engineer (w|m|d) (Data Scientist),2023-10-05,BridgingIT GmbH,Full-time,Germany ,Hamburg 
119,Azure Data Factory & Spark Data Engineer (w|m|d) (Data Scientist),2023-10-05,BridgingIT GmbH,Full-time,Germany ,Berlin 
119,Azure Data Factory & Spark Data Engineer (w|m|d) (Data Scientist),2023-10-05,BridgingIT GmbH,Full-time,Germany ,Nürnberg
119,Azure Data Factory & Spark Data Engineer (w|m|d) (Data Scientist),2023-10-05,BridgingIT GmbH,Full-time,Germany ,Kreisfreie Stadt
120,"Berater Business Intelligence (m/w/d) – (Data Engineer, Data (Data Scientist)",2023-05-05,initions GmbH,Full-time,Germany , Hamburg
121,Senior Data Engineer Azure (w/m/d) (Data Scientist),2023-05-28,Deutsche Bahn AG,Full-time,Germany , Frankfurt am Main
121,Senior Data Engineer Azure (w/m/d) (Data Scientist),2023-05-28,Deutsche Bahn AG,Full-time,Germany ,Kreisfreie Stadt
122,Global Master Data Manager (m/f/d) (Data Engineer),2023-05-19,Birkenstock Product GmbH,Full-time,Germany , Köln
122,Global Master Data Manager (m/f/d) (Data Engineer),2023-05-19,Birkenstock Product GmbH,Full-time,Germany ,Kreisfreie Stadt
123,Data Engineer Power Platform (w/m/d) (Data Scientist),2023-05-16,Deutsche Bahn AG,Full-time,Germany , Frankfurt am Main
123,Data Engineer Power Platform (w/m/d) (Data Scientist),2023-05-16,Deutsche Bahn AG,Full-time,Germany ,Kreisfreie Stadt
124,Master Data Manager (m/w/d) S1918687 (Data Engineer),2023-04-20,PAV Herzog,Full-time,Germany , Bautzen
125,Specialist Business Intelligence / Data Engineering (m/w/d) (Data Engineer),2023-11-05,HARIBO GmbH & Co. KG,Full-time,Germany , Bonn
125,Specialist Business Intelligence / Data Engineering (m/w/d) (Data Engineer),2023-11-05,HARIBO GmbH & Co. KG,Full-time,Germany ,Kreisfreie Stadt 
125,Specialist Business Intelligence / Data Engineering (m/w/d) (Data Engineer),2023-11-05,HARIBO GmbH & Co. KG,Full-time,Germany ,Köln
125,Specialist Business Intelligence / Data Engineering (m/w/d) (Data Engineer),2023-11-05,HARIBO GmbH & Co. KG,Full-time,Germany ,Kreisfreie Stadt 
125,Specialist Business Intelligence / Data Engineering (m/w/d) (Data Engineer),2023-11-05,HARIBO GmbH & Co. KG,Full-time,Germany ,Koblenz
125,Specialist Business Intelligence / Data Engineering (m/w/d) (Data Engineer),2023-11-05,HARIBO GmbH & Co. KG,Full-time,Germany ,Kreisfreie Stadt 
125,Specialist Business Intelligence / Data Engineering (m/w/d) (Data Engineer),2023-11-05,HARIBO GmbH & Co. KG,Full-time,Germany ,Ahrweiler
126,Teamlead Delivery - Schwerpunkt Data Engineering (m/w/d) (Data Engineer),2023-10-05,Alexander Thamm GmbH,Full-time,Germany , München
126,Teamlead Delivery - Schwerpunkt Data Engineering (m/w/d) (Data Engineer),2023-10-05,Alexander Thamm GmbH,Full-time,Germany ,Kreisfreie Stadt
127,Planer (m/w/d) Qualitätsmanagementsysteme Schwerpunkt Data Engineering (Data Engineer),2023-03-05,RLE Engineering & Services GmbH,Full-time,Germany , Leipzig
127,Planer (m/w/d) Qualitätsmanagementsysteme Schwerpunkt Data Engineering (Data Engineer),2023-03-05,RLE Engineering & Services GmbH,Full-time,Germany ,Kreisfreie Stadt
128,Data Engineer / Data Analyst (Fachinformatiker/in - Daten- und Prozessanalyse),2023-05-17,Brunel GmbH,Full-time,Germany , Duisburg
128,Data Engineer / Data Analyst (Fachinformatiker/in - Daten- und Prozessanalyse),2023-05-17,Brunel GmbH,Full-time,Germany ,Kreisfreie Stadt
129,Data Engineer (g*) (Fachinformatiker/in - Anwendungsentwicklung),2023-05-17,ARI-Armaturen Alb. Richter GmbH & Co.KG,Full-time,Germany , Gütersloh
130,Data Engineer / Data Warehouse Entwickler (m/w/d) (Softwareentwickler/in),2023-05-23,REWE digital,Full-time,Germany , Köln
130,Data Engineer / Data Warehouse Entwickler (m/w/d) (Softwareentwickler/in),2023-05-23,REWE digital,Full-time,Germany ,Kreisfreie Stadt
131,Data Architect/ Data Engineer (m/w/d) (Wirtschaftsinformatiker/in (Hochschule)),2022-12-15,Liebherr-Verzahntechnik GmbH,Full-time,Germany , Kempten (Allgäu)
131,Data Architect/ Data Engineer (m/w/d) (Wirtschaftsinformatiker/in (Hochschule)),2022-12-15,Liebherr-Verzahntechnik GmbH,Full-time,Germany ,Kreisfreie Stadt
132,Junior Business Engineer Azure (m/d/w) (Data Engineer),2023-05-27,Deutsche Bahn AG,Full-time,Germany , Frankfurt am Main
132,Junior Business Engineer Azure (m/d/w) (Data Engineer),2023-05-27,Deutsche Bahn AG,Full-time,Germany ,Kreisfreie Stadt 
132,Junior Business Engineer Azure (m/d/w) (Data Engineer),2023-05-27,Deutsche Bahn AG,Full-time,Germany ,Erfurt
132,Junior Business Engineer Azure (m/d/w) (Data Engineer),2023-05-27,Deutsche Bahn AG,Full-time,Germany ,Kreisfreie Stadt 
132,Junior Business Engineer Azure (m/d/w) (Data Engineer),2023-05-27,Deutsche Bahn AG,Full-time,Germany ,Berlin
133,Business Intelligence Engineer (m/w/d) (RN_U_221R207J) (Data Engineer),2023-03-05,b+p Beratung Personal Unternehmensberater,Full-time,Germany , Regionalverband Saarbrücken
134,Process & Data Manager / MTM/Fertigungssteuerung (m/w/d) (Data Engineer),2023-05-30,Birkenstock Productions Hessen GmbH,Full-time,Germany , Main-Kinzig-Kreis
135,Consultant (m/w/d) Data & Analytics / SAC (Remote) (Data Engineer),2023-05-26,Windhoff Software Service GmbH,Full-time,Germany , Borken
136,Ingenieur Digitalisierung / Operations Data Architect (m/w/d) (Data Engineer),2023-04-05,Hexagon Purus GmbH,Full-time,Germany , Kassel
136,Ingenieur Digitalisierung / Operations Data Architect (m/w/d) (Data Engineer),2023-04-05,Hexagon Purus GmbH,Full-time,Germany ,Kreisfreie Stadt
137,Data Engineer (m/w/d) (Systeminformatiker/in),2023-05-15,DIS AG FB Office & Management,Full-time,Germany , Leipzig
137,Data Engineer (m/w/d) (Systeminformatiker/in),2023-05-15,DIS AG FB Office & Management,Full-time,Germany ,Kreisfreie Stadt
138,Data Engineer (m/w/d) (Ingenieurinformatiker/in),2023-05-15,FERCHAU GmbH Niederlassung Potsdam,Full-time,Germany , Potsdam
138,Data Engineer (m/w/d) (Ingenieurinformatiker/in),2023-05-15,FERCHAU GmbH Niederlassung Potsdam,Full-time,Germany ,Kreisfreie Stadt
139,Data Engineer (m/f/d) (Ingenieurinformatiker/in),2022-12-23,Kühne + Nagel (AG & Co.) KG,Full-time,Germany , Hamburg
140,Mitarbeiter Prozesstechnik (m/w/d) (Data Engineer),2023-05-24,DELTEC Automotive GmbH & Co. KG,Full-time,Germany , Cham
141,Value Architect (m/w/d) (Data Engineer),2023-12-05,Fressnapf Holding SE,Full-time,Germany , Krefeld
141,Value Architect (m/w/d) (Data Engineer),2023-12-05,Fressnapf Holding SE,Full-time,Germany ,Kreisfreie Stadt
142,Data Engineer (m/w/d) (Software-Architect),2023-06-04,Mühlbauer Group,Full-time,Germany , Cham
143,IT-Data Engineer (gn) (Wirtschaftsinformatiker/in (Hochschule)),2023-05-15,Westfalen Weser Netz GmbH,Full-time,Germany , Paderborn 
143,IT-Data Engineer (gn) (Wirtschaftsinformatiker/in (Hochschule)),2023-05-15,Westfalen Weser Netz GmbH,Full-time,Germany ,Herford
144,IT-Specialist Data Engineering and Business Intelligence (m/w/d) (Data Engineer),2023-05-26,Südzucker AG,Full-time,Germany , Mannheim
144,IT-Specialist Data Engineering and Business Intelligence (m/w/d) (Data Engineer),2023-05-26,Südzucker AG,Full-time,Germany ,Stadtkreis
145,Data Analyst*in (d/m/w) Einnahmesicherung und Auskehr (Data Engineer),2023-05-22,Toll Collect GmbH,Full-time,Germany , Berlin
146,Data Engineer / Data Warehouse Entwickler (m/w/d) (Informatiker/in (Hochschule)),2023-12-05,REWE Digital GmbH,Full-time,Germany , Köln
146,Data Engineer / Data Warehouse Entwickler (m/w/d) (Informatiker/in (Hochschule)),2023-12-05,REWE Digital GmbH,Full-time,Germany ,Kreisfreie Stadt
147,Social Media Data Engineer (m/w/d) (Data-Warehouse-Analyst/in),2023-03-05,ProTechnology GmbH,Full-time,Germany , Dresden
147,Social Media Data Engineer (m/w/d) (Data-Warehouse-Analyst/in),2023-03-05,ProTechnology GmbH,Full-time,Germany ,Kreisfreie Stadt
148,Data Engineer (all genders) (Informatiker/in (Hochschule)),2023-05-29,Deutsche Lufthansa AG,Full-time,Germany , Groß-Gerau 
148,Data Engineer (all genders) (Informatiker/in (Hochschule)),2023-05-29,Deutsche Lufthansa AG,Full-time,Germany ,Ingolstadt
148,Data Engineer (all genders) (Informatiker/in (Hochschule)),2023-05-29,Deutsche Lufthansa AG,Full-time,Germany ,Kreisfreie Stadt 
148,Data Engineer (all genders) (Informatiker/in (Hochschule)),2023-05-29,Deutsche Lufthansa AG,Full-time,Germany ,Köln
148,Data Engineer (all genders) (Informatiker/in (Hochschule)),2023-05-29,Deutsche Lufthansa AG,Full-time,Germany ,Kreisfreie Stadt 
148,Data Engineer (all genders) (Informatiker/in (Hochschule)),2023-05-29,Deutsche Lufthansa AG,Full-time,Germany ,Stuttgart
148,Data Engineer (all genders) (Informatiker/in (Hochschule)),2023-05-29,Deutsche Lufthansa AG,Full-time,Germany ,Stadtkreis
149,Data Engineer (all genders) (Informatiker/in (Hochschule)),2023-05-15,Deutsche Lufthansa AG,Full-time,Germany , Segeberg 
149,Data Engineer (all genders) (Informatiker/in (Hochschule)),2023-05-15,Deutsche Lufthansa AG,Full-time,Germany ,Hamburg 
149,Data Engineer (all genders) (Informatiker/in (Hochschule)),2023-05-15,Deutsche Lufthansa AG,Full-time,Germany ,Wolfsburg
149,Data Engineer (all genders) (Informatiker/in (Hochschule)),2023-05-15,Deutsche Lufthansa AG,Full-time,Germany ,Kreisfreie Stadt 
149,Data Engineer (all genders) (Informatiker/in (Hochschule)),2023-05-15,Deutsche Lufthansa AG,Full-time,Germany ,Berlin
150,Senior Data Engineer - Data Scientist (f/m/div.) (Informatiker/in (Hochschule)),2023-11-05,Robert Bosch GmbH,Full-time,Germany , Esslingen
151,(Senior-) Consultant im Bereich Data Analytics (w/m/d) (Data Engineer),2023-03-31,PD Berater der öffentlichen Hand GmbH,Full-time,Germany , Frankfurt am Main
151,(Senior-) Consultant im Bereich Data Analytics (w/m/d) (Data Engineer),2023-03-31,PD Berater der öffentlichen Hand GmbH,Full-time,Germany ,Kreisfreie Stadt 
151,(Senior-) Consultant im Bereich Data Analytics (w/m/d) (Data Engineer),2023-03-31,PD Berater der öffentlichen Hand GmbH,Full-time,Germany ,Berlin 
151,(Senior-) Consultant im Bereich Data Analytics (w/m/d) (Data Engineer),2023-03-31,PD Berater der öffentlichen Hand GmbH,Full-time,Germany ,Düsseldorf
151,(Senior-) Consultant im Bereich Data Analytics (w/m/d) (Data Engineer),2023-03-31,PD Berater der öffentlichen Hand GmbH,Full-time,Germany ,Kreisfreie Stadt 
151,(Senior-) Consultant im Bereich Data Analytics (w/m/d) (Data Engineer),2023-03-31,PD Berater der öffentlichen Hand GmbH,Full-time,Germany ,Hamburg 
151,(Senior-) Consultant im Bereich Data Analytics (w/m/d) (Data Engineer),2023-03-31,PD Berater der öffentlichen Hand GmbH,Full-time,Germany ,Wiesbaden
151,(Senior-) Consultant im Bereich Data Analytics (w/m/d) (Data Engineer),2023-03-31,PD Berater der öffentlichen Hand GmbH,Full-time,Germany ,Kreisfreie Stadt
152,Senior Client Solution Engineer (m/w/d) Homeoffice (Data Engineer),2023-05-15,puro Personaldienstleistung GmbH,"Flexible,",Germany , Düsseldorf
152,Senior Client Solution Engineer (m/w/d) Homeoffice (Data Engineer),2023-05-15,puro Personaldienstleistung GmbH,"Flexible,",Germany ,Kreisfreie Stadt
153,Medical Data Engineer / Data Scientist für die Klinische Sequenziereinheit (m/w/d) (Data Scientist),2023-05-17,Universitätsklinikum Regensburg,Full-time,Germany , Regensburg
153,Medical Data Engineer / Data Scientist für die Klinische Sequenziereinheit (m/w/d) (Data Scientist),2023-05-17,Universitätsklinikum Regensburg,Full-time,Germany ,Kreisfreie Stadt
154,Data Engineer (w/m/d) (IT-Berater/in),2023-02-05,Procon-IT GmbH (Garching),Full-time,Germany , München
154,Data Engineer (w/m/d) (IT-Berater/in),2023-02-05,Procon-IT GmbH (Garching),Full-time,Germany ,Landkreis
155,Data Engineer (m/w/d) (IT-Berater/in),2023-06-04,IT-P GmbH,Full-time,Germany , Region Hannover
156,Data Engineer (m/w/d) (Informatiker/in (Hochschule)),2023-05-24,engineering people GmbH,Full-time,Germany , Augsburg
156,Data Engineer (m/w/d) (Informatiker/in (Hochschule)),2023-05-24,engineering people GmbH,Full-time,Germany ,Kreisfreie Stadt
157,Data Engineer (w/m/d) (Informatiker/in (Hochschule)),2023-05-22,Hüttenwerke Krupp Mannesmann GmbH,Full-time,Germany , Duisburg
157,Data Engineer (w/m/d) (Informatiker/in (Hochschule)),2023-05-22,Hüttenwerke Krupp Mannesmann GmbH,Full-time,Germany ,Kreisfreie Stadt
158,Data Engineer (m/w/d) (Informatiker/in (Hochschule)),2023-05-19,FERCHAU GmbH Niederlassung Regensburg,Full-time,Germany , Cham
159,Data Engineer (m/f/d) (Informatiker/in (Hochschule)),2023-05-16,Deutsche Lufthansa AG,Full-time,Germany , Offenbach
159,Data Engineer (m/f/d) (Informatiker/in (Hochschule)),2023-05-16,Deutsche Lufthansa AG,Full-time,Germany ,Landkreis
160,Data Engineer (m/w/d) (Informatiker/in (Hochschule)),2023-12-05,Zollner Elektronik AG Werk Zandt,Full-time,Germany , Cham
161,Data Engineer (w/m/d) (Informatiker/in (Hochschule)),2023-10-05,Deutsche Bahn AG,Full-time,Germany , Frankfurt am Main
161,Data Engineer (w/m/d) (Informatiker/in (Hochschule)),2023-10-05,Deutsche Bahn AG,Full-time,Germany ,Kreisfreie Stadt
162,Data Engineer (m/w/d) (Informatiker/in (Hochschule)),2023-04-05,Medizinischer Dienst Berlin-Brandenburg KdöR,Full-time,Germany , Berlin
163,Data Engineer (m/w/d) (Informatiker/in (Hochschule)),2023-03-05,Canon Production Printing Germany GmbH & Co. KG,Full-time,Germany , Ebersberg
164,Data Engineer (m/w/d) (Fachinformatiker/in - Anwendungsentwicklung),2023-03-22,Sievers SNC Computer und Software GmbH & Co. KG,Full-time,Germany , Osnabrück
164,Data Engineer (m/w/d) (Fachinformatiker/in - Anwendungsentwicklung),2023-03-22,Sievers SNC Computer und Software GmbH & Co. KG,Full-time,Germany ,Kreisfreie Stadt
165,Data Architect/Engineer (m/w/d) - Machine Learning and AI | Executive Search | Mercedes-Benz (Data Engineer),2023-05-22,FERCHAU GmbH Niederlassung München Mobility,Full-time,Germany , Stuttgart
165,Data Architect/Engineer (m/w/d) - Machine Learning and AI | Executive Search | Mercedes-Benz (Data Engineer),2023-05-22,FERCHAU GmbH Niederlassung München Mobility,Full-time,Germany ,Stadtkreis
166,Data Engineer (m/w/divers) (Informatiker/in (Hochschule)),2023-05-30,Deutsche Lufthansa AG,Full-time,Germany , Frankfurt am Main
166,Data Engineer (m/w/divers) (Informatiker/in (Hochschule)),2023-05-30,Deutsche Lufthansa AG,Full-time,Germany ,Kreisfreie Stadt
167,Data Engineer (m/f/diverse) (Informatiker/in (Hochschule)),2023-05-29,Deutsche Lufthansa AG,Full-time,Germany , Offenbach
167,Data Engineer (m/f/diverse) (Informatiker/in (Hochschule)),2023-05-29,Deutsche Lufthansa AG,Full-time,Germany ,Landkreis
168,Data Engineer (w/m/div.) (Informatiker/in (Hochschule)),2023-05-18,Robert Bosch GmbH,Full-time,Germany , Reutlingen
169,Power BI Analyst (m/w/d) (Data Engineer),2023-10-05,CG Elementum AG,Full-time,Germany , Berlin
170,Werkstudent - Genehmigung Umweltschutz (w/m/d) (Data Engineer),2023-04-05,Uniper SE,Full-time,Germany , Region Hannover
171,Senior Datenschutz Consultant (m/w/d) (Data Engineer),2023-04-19,MachCon Deutschland GmbH,Full-time,Germany , Konstanz
172,Mitarbeiter (m/w/d) Data Management SAP Stammdaten und Stücklisten (Data Engineer),2023-03-31,Rittal GmbH & Co. KG,Full-time,Germany , Lahn-Dill-Kreis
173,Junior BI & Datawarehouse Consultant (m/w/d) (Data Engineer),2023-05-05,T.CON GmbH & Co. KG,Full-time,Germany , Hamburg 
173,Junior BI & Datawarehouse Consultant (m/w/d) (Data Engineer),2023-05-05,T.CON GmbH & Co. KG,Full-time,Germany ,Berlin 
173,Junior BI & Datawarehouse Consultant (m/w/d) (Data Engineer),2023-05-05,T.CON GmbH & Co. KG,Full-time,Germany ,Deggendorf
174,Data Engineer (m/w/d) (Ingenieur/in - Systems Engineering),2023-05-26,DAHMEN Personalservice GmbH,"Flexible,",Germany , Düsseldorf
174,Data Engineer (m/w/d) (Ingenieur/in - Systems Engineering),2023-05-26,DAHMEN Personalservice GmbH,"Flexible,",Germany ,Kreisfreie Stadt
175,Consultant Data Engineer (m/w/d) (IT-Berater/in),2023-05-16,Cintellic GmbH,Full-time,Germany , Stuttgart
175,Consultant Data Engineer (m/w/d) (IT-Berater/in),2023-05-16,Cintellic GmbH,Full-time,Germany ,Stadtkreis 
175,Consultant Data Engineer (m/w/d) (IT-Berater/in),2023-05-16,Cintellic GmbH,Full-time,Germany ,Berlin 
175,Consultant Data Engineer (m/w/d) (IT-Berater/in),2023-05-16,Cintellic GmbH,Full-time,Germany ,Köln
175,Consultant Data Engineer (m/w/d) (IT-Berater/in),2023-05-16,Cintellic GmbH,Full-time,Germany ,Kreisfreie Stadt 
175,Consultant Data Engineer (m/w/d) (IT-Berater/in),2023-05-16,Cintellic GmbH,Full-time,Germany ,Hamburg 
175,Consultant Data Engineer (m/w/d) (IT-Berater/in),2023-05-16,Cintellic GmbH,Full-time,Germany ,Bonn
175,Consultant Data Engineer (m/w/d) (IT-Berater/in),2023-05-16,Cintellic GmbH,Full-time,Germany ,Kreisfreie Stadt 
175,Consultant Data Engineer (m/w/d) (IT-Berater/in),2023-05-16,Cintellic GmbH,Full-time,Germany ,Frankfurt am Main
175,Consultant Data Engineer (m/w/d) (IT-Berater/in),2023-05-16,Cintellic GmbH,Full-time,Germany ,Kreisfreie Stadt 
175,Consultant Data Engineer (m/w/d) (IT-Berater/in),2023-05-16,Cintellic GmbH,Full-time,Germany ,München
175,Consultant Data Engineer (m/w/d) (IT-Berater/in),2023-05-16,Cintellic GmbH,Full-time,Germany ,Kreisfreie Stadt
176,Continental IT Graduate Program 2023 (Trainee): Data Science/ Cloud Solutions/ Software Engineering (Data Engineer),2023-04-27,Continental AG,Full-time,Germany , Region Hannover
177,Big Data Engineer (m/w/d) (Informatiker/in (Hochschule)),2023-05-30,FERCHAU GmbH Niederlassung Chemnitz,Full-time,Germany , Chemnitz
177,Big Data Engineer (m/w/d) (Informatiker/in (Hochschule)),2023-05-30,FERCHAU GmbH Niederlassung Chemnitz,Full-time,Germany ,Kreisfreie Stadt
178,Senior Data Engineer (m/f/d) (Informatiker/in (Hochschule)),2023-05-30,BASF Digital Solutions GmbH,Full-time,Germany , Ludwigshafen am Rhein
178,Senior Data Engineer (m/f/d) (Informatiker/in (Hochschule)),2023-05-30,BASF Digital Solutions GmbH,Full-time,Germany ,Kreisfreie Stadt
179,Data Engineer (m/w/d) [Kziff. OK7352 ] (Datenbankentwickler/in),2023-05-26,L&W CONSOLIDATION GmbH,Full-time,Germany , Rhein-Kreis Neuss
180,Software/Data Engineer (m/w/d) (Ingenieur/in - Elektrotechnik),2023-05-25,Hays Professional Solutions GmbH Standort Ulm,Full-time,Germany , Baden-Württemberg
181,Senior Data Engineer (m/w/d) (Informatiker/in (Hochschule)),2023-05-25,outsourcing4work GmbH,Full-time,Germany , Nordrhein-Westfalen
182,(Senior) Data Engineer Analytics (m/w/d) (Softwareentwickler/in),2023-05-23,REWE Group,Full-time,Germany , Köln
182,(Senior) Data Engineer Analytics (m/w/d) (Softwareentwickler/in),2023-05-23,REWE Group,Full-time,Germany ,Kreisfreie Stadt
183,Data Engineer im Produktionsumfeld (m/w/d) (Ingenieurinformatiker/in),2023-05-15,DEKRA Arbeit GmbH,Full-time,Germany , Ostalbkreis
184,Senior Data Engineer (f/m/x) (Informatiker/in (Hochschule)),2023-05-15,BMW AG,Full-time,Germany , Ulm
184,Senior Data Engineer (f/m/x) (Informatiker/in (Hochschule)),2023-05-15,BMW AG,Full-time,Germany ,Stadtkreis
185,Senior Data Engineer (w/m/d) (Informatiker/in (Hochschule)),2023-11-05,Deutsche Bahn AG,Full-time,Germany , Frankfurt am Main
185,Senior Data Engineer (w/m/d) (Informatiker/in (Hochschule)),2023-11-05,Deutsche Bahn AG,Full-time,Germany ,Kreisfreie Stadt
186,Senior Data Engineer (w/m/d) (Informatiker/in (Hochschule)),2023-11-05,Deutsche Bahn AG,Full-time,Germany , München
186,Senior Data Engineer (w/m/d) (Informatiker/in (Hochschule)),2023-11-05,Deutsche Bahn AG,Full-time,Germany ,Kreisfreie Stadt 
186,Senior Data Engineer (w/m/d) (Informatiker/in (Hochschule)),2023-11-05,Deutsche Bahn AG,Full-time,Germany ,Berlin 
186,Senior Data Engineer (w/m/d) (Informatiker/in (Hochschule)),2023-11-05,Deutsche Bahn AG,Full-time,Germany ,Bremen
186,Senior Data Engineer (w/m/d) (Informatiker/in (Hochschule)),2023-11-05,Deutsche Bahn AG,Full-time,Germany ,Kreisfreie Stadt 
186,Senior Data Engineer (w/m/d) (Informatiker/in (Hochschule)),2023-11-05,Deutsche Bahn AG,Full-time,Germany ,Frankfurt am Main
186,Senior Data Engineer (w/m/d) (Informatiker/in (Hochschule)),2023-11-05,Deutsche Bahn AG,Full-time,Germany ,Kreisfreie Stadt 
186,Senior Data Engineer (w/m/d) (Informatiker/in (Hochschule)),2023-11-05,Deutsche Bahn AG,Full-time,Germany ,Hamburg
187,Cloud Data Engineer (m/w/d) (Wirtschaftsinformatiker/in (Hochschule)),2023-11-05,BHS Corrugated M+A GmbH    ,Full-time,Germany , Neustadt a. d. Waldnaab
188,IOT Data Engineer (w/m/x) (Informatiker/in (Hochschule)),2023-04-21,BMW AG,Full-time,Germany , München
188,IOT Data Engineer (w/m/x) (Informatiker/in (Hochschule)),2023-04-21,BMW AG,Full-time,Germany ,Kreisfreie Stadt
189,Master Data Engineer (m/w/d) (Informatiker/in (Hochschule)),2023-04-21,BORA Lüftungstechnik GmbH,Full-time,Germany , Rosenheim
189,Master Data Engineer (m/w/d) (Informatiker/in (Hochschule)),2023-04-21,BORA Lüftungstechnik GmbH,Full-time,Germany ,Landkreis
190,Systemingenieur/ Consultant (m|w|d) - Datacenter und Cloud (Data Engineer),2023-03-05,pdv-systeme Sachsen GmbH,Full-time,Germany , Dresden
190,Systemingenieur/ Consultant (m|w|d) - Datacenter und Cloud (Data Engineer),2023-03-05,pdv-systeme Sachsen GmbH,Full-time,Germany ,Kreisfreie Stadt 
190,Systemingenieur/ Consultant (m|w|d) - Datacenter und Cloud (Data Engineer),2023-03-05,pdv-systeme Sachsen GmbH,Full-time,Germany ,Leipzig
190,Systemingenieur/ Consultant (m|w|d) - Datacenter und Cloud (Data Engineer),2023-03-05,pdv-systeme Sachsen GmbH,Full-time,Germany ,Kreisfreie Stadt
191,Data Engineer (m/w/d) Qualitätssicherung (Fachkraft - Qualitätssicherung/-management),2023-12-05,FERCHAU GmbH Niederlassung München,Full-time,Germany , München
191,Data Engineer (m/w/d) Qualitätssicherung (Fachkraft - Qualitätssicherung/-management),2023-12-05,FERCHAU GmbH Niederlassung München,Full-time,Germany ,Kreisfreie Stadt
192,Business Intelligence Analyst (m/w/d) (RN_U_221R207J) (Data Engineer),2023-03-05,b+p Beratung Personal Unternehmensberater,Full-time,Germany , Regionalverband Saarbrücken
193,Cloud Data Engineer Microsoft Azure (ag*) (IT-Berater/in),2023-03-16,amexus Informationstechnik GmbH & Co. KG,Full-time,Germany , Köln
193,Cloud Data Engineer Microsoft Azure (ag*) (IT-Berater/in),2023-03-16,amexus Informationstechnik GmbH & Co. KG,Full-time,Germany ,Kreisfreie Stadt 
193,Cloud Data Engineer Microsoft Azure (ag*) (IT-Berater/in),2023-03-16,amexus Informationstechnik GmbH & Co. KG,Full-time,Germany ,Osnabrück
193,Cloud Data Engineer Microsoft Azure (ag*) (IT-Berater/in),2023-03-16,amexus Informationstechnik GmbH & Co. KG,Full-time,Germany ,Landkreis 
193,Cloud Data Engineer Microsoft Azure (ag*) (IT-Berater/in),2023-03-16,amexus Informationstechnik GmbH & Co. KG,Full-time,Germany ,Münster
193,Cloud Data Engineer Microsoft Azure (ag*) (IT-Berater/in),2023-03-16,amexus Informationstechnik GmbH & Co. KG,Full-time,Germany ,Kreisfreie Stadt 
193,Cloud Data Engineer Microsoft Azure (ag*) (IT-Berater/in),2023-03-16,amexus Informationstechnik GmbH & Co. KG,Full-time,Germany ,Borken 
193,Cloud Data Engineer Microsoft Azure (ag*) (IT-Berater/in),2023-03-16,amexus Informationstechnik GmbH & Co. KG,Full-time,Germany ,Unna 
193,Cloud Data Engineer Microsoft Azure (ag*) (IT-Berater/in),2023-03-16,amexus Informationstechnik GmbH & Co. KG,Full-time,Germany ,Paderborn
194,Jr. Data Engineer - BI & Data Enablement (m/f/d) Hybrid Option GER (Softwareentwickler/in),2023-05-25,BASF Services Europe GmbH,Full-time,Germany , Berlin
195,Data Engineer Power Platform (m/w/d) (IT-Produktkoordinator/in),2023-09-05,thyssenkrupp Materials Trading GmbH,Full-time,Germany , Essen
195,Data Engineer Power Platform (m/w/d) (IT-Produktkoordinator/in),2023-09-05,thyssenkrupp Materials Trading GmbH,Full-time,Germany ,Kreisfreie Stadt
196,Datenbank-Entwickler / Data Engineer CRM (w/m/d). (Datenbankentwickler/in),2023-05-30,"m-result, the data company GmbH",Full-time,Germany , Mainz
196,Datenbank-Entwickler / Data Engineer CRM (w/m/d). (Datenbankentwickler/in),2023-05-30,"m-result, the data company GmbH",Full-time,Germany ,Kreisfreie Stadt
197,Data Engineer (m/w/d) im Produktionsumfeld (Informatiker/in (Hochschule)),2023-05-26,Kirsch GmbH Personalmanagement,Full-time,Germany , Ostalbkreis
198,Senior Data Engineer Azure (w/m/d) (Wirtschaftsinformatiker/in (Hochschule)),2023-05-19,Deutsche Bahn AG,Full-time,Germany , Frankfurt am Main
198,Senior Data Engineer Azure (w/m/d) (Wirtschaftsinformatiker/in (Hochschule)),2023-05-19,Deutsche Bahn AG,Full-time,Germany ,Kreisfreie Stadt
199,Product Owner Big Data Engineer (m/w/d) (Statistiker/in),2023-05-19,DER Touristik Deutschland GmbH,Full-time,Germany , Köln
199,Product Owner Big Data Engineer (m/w/d) (Statistiker/in),2023-05-19,DER Touristik Deutschland GmbH,Full-time,Germany ,Kreisfreie Stadt
200,(Senior) Data Engineer Analytics (m/w/d) (Informatiker/in (Hochschule)),2023-05-17,REWE Group,Full-time,Germany , Köln
200,(Senior) Data Engineer Analytics (m/w/d) (Informatiker/in (Hochschule)),2023-05-17,REWE Group,Full-time,Germany ,Kreisfreie Stadt
201,Data Engineer DWH / BI (m/w/d) (Wirtschaftsinformatiker/in (Hochschule)),2023-05-16,FALKE KGaA,Full-time,Germany , Hochsauerlandkreis
202,Data Engineer Power Platform (w/m/d) (Informatiker/in (Hochschule)),2023-10-05,Deutsche Bahn AG,Full-time,Germany , Frankfurt am Main
202,Data Engineer Power Platform (w/m/d) (Informatiker/in (Hochschule)),2023-10-05,Deutsche Bahn AG,Full-time,Germany ,Kreisfreie Stadt
203,Data Engineer (IoT und Cloud) (m/w/d) (Datenbankentwickler/in),2023-09-05,Deuta-Werke GmbH,Full-time,Germany , Rheinisch-Bergischer Kreis
204,Data Engineer (m/w/d) Business Intelligence (Informatiker/in (Hochschule)),2023-04-21,BORA Lüftungstechnik GmbH,Full-time,Germany , Rosenheim
204,Data Engineer (m/w/d) Business Intelligence (Informatiker/in (Hochschule)),2023-04-21,BORA Lüftungstechnik GmbH,Full-time,Germany ,Landkreis
205,(Senior) Data Engineer (m/f/diverse) @ AVIATAR (Informatiker/in (Hochschule)),2023-05-22,Deutsche Lufthansa AG,Full-time,Germany , Hamburg
206,Cloud Data Engineer (AWS/AZURE) (w/m/d) (IT-Berater/in),2023-05-30,Procon-IT GmbH (Garching),Full-time,Germany , München
206,Cloud Data Engineer (AWS/AZURE) (w/m/d) (IT-Berater/in),2023-05-30,Procon-IT GmbH (Garching),Full-time,Germany ,Landkreis
207,BI Data Engineer (m/w/d) (IT-Projektleiter/in (Weiterbildung/Ausbildung)),2023-05-25,Deutsche Telekom AG Konzernzentrale,Full-time,Germany , Region Hannover 
207,BI Data Engineer (m/w/d) (IT-Projektleiter/in (Weiterbildung/Ausbildung)),2023-05-25,Deutsche Telekom AG Konzernzentrale,Full-time,Germany ,Hamburg 
207,BI Data Engineer (m/w/d) (IT-Projektleiter/in (Weiterbildung/Ausbildung)),2023-05-25,Deutsche Telekom AG Konzernzentrale,Full-time,Germany ,Wolfsburg
207,BI Data Engineer (m/w/d) (IT-Projektleiter/in (Weiterbildung/Ausbildung)),2023-05-25,Deutsche Telekom AG Konzernzentrale,Full-time,Germany ,Kreisfreie Stadt
208,Data Engineer (m/w/d) Digitalisierung im Produktionsumfeld (Wirtschaftsinformatiker/in (Hochschule)),2023-05-19,FERCHAU GmbH Niederlassung Stuttgart Mobility,Full-time,Germany , Böblingen
209,Data Engineer (m/w/d) Manufacturing Execution System (Ingenieur/in - Automatisierungstechnik),2023-05-19,AlphaConsult KG Gießen,"Flexible,",Germany , Frankfurt am Main
209,Data Engineer (m/w/d) Manufacturing Execution System (Ingenieur/in - Automatisierungstechnik),2023-05-19,AlphaConsult KG Gießen,"Flexible,",Germany ,Kreisfreie Stadt
210,SAP BW/4HANA Data Engineer (d/f/m) (Informatiker/in (Hochschule)),2023-05-16,Ottobock SE & Co. KGaA,Full-time,Germany , Berlin
211,SAP BW/4HANA Data Engineer (d/f/m) (Informatiker/in (Hochschule)),2023-05-16,Ottobock SE & Co. KGaA,Full-time,Germany , Berlin
212,Production Data Engineer m/w/d (Industriemeister/in - Digital- und Printmedien),2023-04-27,FLYERALARM GmbH,Full-time,Germany , Würzburg
212,Production Data Engineer m/w/d (Industriemeister/in - Digital- und Printmedien),2023-04-27,FLYERALARM GmbH,Full-time,Germany ,Kreisfreie Stadt
213,Data Engineer & Architect Azure Cloud (w/m/div.) (Informatiker/in (Hochschule)),2023-05-25,Robert Bosch GmbH,Full-time,Germany , Stuttgart
213,Data Engineer & Architect Azure Cloud (w/m/div.) (Informatiker/in (Hochschule)),2023-05-25,Robert Bosch GmbH,Full-time,Germany ,Stadtkreis
214,Data Engineer & Architect Azure Cloud (w/m/div.) (Informatiker/in (Hochschule)),2023-05-24,Robert Bosch GmbH,Full-time,Germany , Ulm
214,Data Engineer & Architect Azure Cloud (w/m/div.) (Informatiker/in (Hochschule)),2023-05-24,Robert Bosch GmbH,Full-time,Germany ,Stadtkreis
215,Data Engineer & Architect Azure Cloud (w/m/div.) (Informatiker/in (Hochschule)),2023-05-24,Robert Bosch GmbH,Full-time,Germany , Main-Spessart
216,Full Stack Web Engineer / Data Engineer (m/f/d) Printer Information Center (PIC) (Informatiker/in (Hochschule)),2023-03-30,Canon Production Printing Germany GmbH & Co. KG,Full-time,Germany , Ebersberg
217,MES-Administrator/Data Engineer Digital Manufacturing (m/w/d) (Informatiker/in (Hochschule)),2023-12-05,Zollner Elektronik AG Werk Zandt,Full-time,Germany , Cham
218,Softwareentwickler und Data Engineer Industrie 4.0 (w/m/div.) (Wirtschaftsinformatiker/in (Hochschule)),2023-05-30,Robert Bosch GmbH,Full-time,Germany , Oberallgäu
219,Bearbeiter technisch logistischer Materialdaten (d/m/w) - AIRBUS - Manching - SOFORT (Data Engineer),2023-05-25,Bishop GmbH,Full-time,Germany , Pfaffenhofen a. d. Ilm
220,IT Consultant (w/m/d) für unser 4me Solution Consulting Team (Data Engineer),2023-05-19,blu Systems GmbH,Full-time,Germany , München
220,IT Consultant (w/m/d) für unser 4me Solution Consulting Team (Data Engineer),2023-05-19,blu Systems GmbH,Full-time,Germany ,Landkreis
221,MES-Administrator/Data Engineer Digital Manufacturing - DB (m/w/d) (Informatiker/in (Hochschule)),2023-12-05,Zollner Elektronik AG Werk Zandt,Full-time,Germany , Cham
222,Data Engineer / Software Developer (m/w/d) im 5G Innovationsumfeld Telekommunikation (Softwareentwickler/in),2023-04-05,MicroNova AG,Full-time,Germany , Dachau
223,Datenbank-Entwickler / Data Engineer (m/w/d)Microsoft SQL (IT-System-Kaufmann/-frau),2023-10-03,Betriebskrankenkasse Linde,Full-time,Germany , Konstanz
224,Datenanalystin / einen Datenanalyst (Univ./Master) (w/m/d) BBRH-2023-0027 (Data Engineer),2023-04-05,Bundesrechnungshof,"Part-time,",Germany , Bonn
224,Datenanalystin / einen Datenanalyst (Univ./Master) (w/m/d) BBRH-2023-0027 (Data Engineer),2023-04-05,Bundesrechnungshof,"Part-time,",Germany ,Kreisfreie Stadt
225,Senior Data Engineer for Automotive Business (m/w/d) (IT-Projektleiter/in (Weiterbildung/Ausbildung)),2022-07-16,Deutsche Telekom AG Konzernzentrale,Full-time,Germany , Bonn
225,Senior Data Engineer for Automotive Business (m/w/d) (IT-Projektleiter/in (Weiterbildung/Ausbildung)),2022-07-16,Deutsche Telekom AG Konzernzentrale,Full-time,Germany ,Kreisfreie Stadt
226,Senior Software & Data Engineer - Enabling Autonomous Driving Development (f/m/x) (Informatiker/in (Hochschule)),2023-05-15,BMW AG,Full-time,Germany , München
226,Senior Software & Data Engineer - Enabling Autonomous Driving Development (f/m/x) (Informatiker/in (Hochschule)),2023-05-15,BMW AG,Full-time,Germany ,Kreisfreie Stadt
227,Software / Data Engineer für Automationslösungen für Kfz-Diagnoseinformationen (w/m/div.) (Informatiker/in (Hochschule)),2023-04-13,Robert Bosch GmbH,Full-time,Germany , Esslingen
228,MES-Administrator/Data Engineer Digital Manufacturing - Visual Shop Floor (m/w/d) (Informatiker/in (Hochschule)),2023-12-05,Zollner Elektronik AG Werk Zandt,Full-time,Germany , Cham
229,"Informatiker, Physiker - Data Engineering, Data Warehouse (Informatiker/in (Hochschule))",2023-05-20,KEPPLER.Personalberatung,Full-time,Germany , Ludwigshafen am Rhein
229,"Informatiker, Physiker - Data Engineering, Data Warehouse (Informatiker/in (Hochschule))",2023-05-20,KEPPLER.Personalberatung,Full-time,Germany ,Kreisfreie Stadt
230,IT Architekt Data Analytics/ Data Engineering (w/m/d) (Software-Architect),2023-05-23,Capgemini Deutschland,Full-time,Germany , Region Hannover 
230,IT Architekt Data Analytics/ Data Engineering (w/m/d) (Software-Architect),2023-05-23,Capgemini Deutschland,Full-time,Germany ,München
230,IT Architekt Data Analytics/ Data Engineering (w/m/d) (Software-Architect),2023-05-23,Capgemini Deutschland,Full-time,Germany ,Kreisfreie Stadt 
230,IT Architekt Data Analytics/ Data Engineering (w/m/d) (Software-Architect),2023-05-23,Capgemini Deutschland,Full-time,Germany ,Düsseldorf
230,IT Architekt Data Analytics/ Data Engineering (w/m/d) (Software-Architect),2023-05-23,Capgemini Deutschland,Full-time,Germany ,Kreisfreie Stadt 
230,IT Architekt Data Analytics/ Data Engineering (w/m/d) (Software-Architect),2023-05-23,Capgemini Deutschland,Full-time,Germany ,Nürnberg
230,IT Architekt Data Analytics/ Data Engineering (w/m/d) (Software-Architect),2023-05-23,Capgemini Deutschland,Full-time,Germany ,Kreisfreie Stadt 
230,IT Architekt Data Analytics/ Data Engineering (w/m/d) (Software-Architect),2023-05-23,Capgemini Deutschland,Full-time,Germany ,Hamburg 
230,IT Architekt Data Analytics/ Data Engineering (w/m/d) (Software-Architect),2023-05-23,Capgemini Deutschland,Full-time,Germany ,Köln
230,IT Architekt Data Analytics/ Data Engineering (w/m/d) (Software-Architect),2023-05-23,Capgemini Deutschland,Full-time,Germany ,Kreisfreie Stadt 
230,IT Architekt Data Analytics/ Data Engineering (w/m/d) (Software-Architect),2023-05-23,Capgemini Deutschland,Full-time,Germany ,Berlin 
230,IT Architekt Data Analytics/ Data Engineering (w/m/d) (Software-Architect),2023-05-23,Capgemini Deutschland,Full-time,Germany ,Dortmund
230,IT Architekt Data Analytics/ Data Engineering (w/m/d) (Software-Architect),2023-05-23,Capgemini Deutschland,Full-time,Germany ,Kreisfreie Stadt 
230,IT Architekt Data Analytics/ Data Engineering (w/m/d) (Software-Architect),2023-05-23,Capgemini Deutschland,Full-time,Germany ,Erfurt
230,IT Architekt Data Analytics/ Data Engineering (w/m/d) (Software-Architect),2023-05-23,Capgemini Deutschland,Full-time,Germany ,Kreisfreie Stadt 
230,IT Architekt Data Analytics/ Data Engineering (w/m/d) (Software-Architect),2023-05-23,Capgemini Deutschland,Full-time,Germany ,Frankfurt am Main
230,IT Architekt Data Analytics/ Data Engineering (w/m/d) (Software-Architect),2023-05-23,Capgemini Deutschland,Full-time,Germany ,Kreisfreie Stadt
231,(Senior) Berater Data Analytics/ Data Engineering (w/m/d) (IT-Systemanalytiker/in),2023-05-23,Capgemini Deutschland,Full-time,Germany , Hamburg 
231,(Senior) Berater Data Analytics/ Data Engineering (w/m/d) (IT-Systemanalytiker/in),2023-05-23,Capgemini Deutschland,Full-time,Germany ,Frankfurt am Main
231,(Senior) Berater Data Analytics/ Data Engineering (w/m/d) (IT-Systemanalytiker/in),2023-05-23,Capgemini Deutschland,Full-time,Germany ,Kreisfreie Stadt 
231,(Senior) Berater Data Analytics/ Data Engineering (w/m/d) (IT-Systemanalytiker/in),2023-05-23,Capgemini Deutschland,Full-time,Germany ,Nürnberg
231,(Senior) Berater Data Analytics/ Data Engineering (w/m/d) (IT-Systemanalytiker/in),2023-05-23,Capgemini Deutschland,Full-time,Germany ,Kreisfreie Stadt 
231,(Senior) Berater Data Analytics/ Data Engineering (w/m/d) (IT-Systemanalytiker/in),2023-05-23,Capgemini Deutschland,Full-time,Germany ,Dortmund
231,(Senior) Berater Data Analytics/ Data Engineering (w/m/d) (IT-Systemanalytiker/in),2023-05-23,Capgemini Deutschland,Full-time,Germany ,Kreisfreie Stadt 
231,(Senior) Berater Data Analytics/ Data Engineering (w/m/d) (IT-Systemanalytiker/in),2023-05-23,Capgemini Deutschland,Full-time,Germany ,Erfurt
231,(Senior) Berater Data Analytics/ Data Engineering (w/m/d) (IT-Systemanalytiker/in),2023-05-23,Capgemini Deutschland,Full-time,Germany ,Kreisfreie Stadt 
231,(Senior) Berater Data Analytics/ Data Engineering (w/m/d) (IT-Systemanalytiker/in),2023-05-23,Capgemini Deutschland,Full-time,Germany ,Berlin 
231,(Senior) Berater Data Analytics/ Data Engineering (w/m/d) (IT-Systemanalytiker/in),2023-05-23,Capgemini Deutschland,Full-time,Germany ,München
231,(Senior) Berater Data Analytics/ Data Engineering (w/m/d) (IT-Systemanalytiker/in),2023-05-23,Capgemini Deutschland,Full-time,Germany ,Kreisfreie Stadt 
231,(Senior) Berater Data Analytics/ Data Engineering (w/m/d) (IT-Systemanalytiker/in),2023-05-23,Capgemini Deutschland,Full-time,Germany ,Köln
231,(Senior) Berater Data Analytics/ Data Engineering (w/m/d) (IT-Systemanalytiker/in),2023-05-23,Capgemini Deutschland,Full-time,Germany ,Kreisfreie Stadt 
231,(Senior) Berater Data Analytics/ Data Engineering (w/m/d) (IT-Systemanalytiker/in),2023-05-23,Capgemini Deutschland,Full-time,Germany ,Region Hannover 
231,(Senior) Berater Data Analytics/ Data Engineering (w/m/d) (IT-Systemanalytiker/in),2023-05-23,Capgemini Deutschland,Full-time,Germany ,Düsseldorf
231,(Senior) Berater Data Analytics/ Data Engineering (w/m/d) (IT-Systemanalytiker/in),2023-05-23,Capgemini Deutschland,Full-time,Germany ,Kreisfreie Stadt
232,Junior-Berater Data Analytics / Data Engineering (w/m/d) (IT-Berater/in),2023-02-05,Capgemini Deutschland GmbH,Full-time,Germany , Nürnberg
232,Junior-Berater Data Analytics / Data Engineering (w/m/d) (IT-Berater/in),2023-02-05,Capgemini Deutschland GmbH,Full-time,Germany ,Kreisfreie Stadt 
232,Junior-Berater Data Analytics / Data Engineering (w/m/d) (IT-Berater/in),2023-02-05,Capgemini Deutschland GmbH,Full-time,Germany ,Region Hannover 
232,Junior-Berater Data Analytics / Data Engineering (w/m/d) (IT-Berater/in),2023-02-05,Capgemini Deutschland GmbH,Full-time,Germany ,Dortmund
232,Junior-Berater Data Analytics / Data Engineering (w/m/d) (IT-Berater/in),2023-02-05,Capgemini Deutschland GmbH,Full-time,Germany ,Kreisfreie Stadt 
232,Junior-Berater Data Analytics / Data Engineering (w/m/d) (IT-Berater/in),2023-02-05,Capgemini Deutschland GmbH,Full-time,Germany ,Köln
232,Junior-Berater Data Analytics / Data Engineering (w/m/d) (IT-Berater/in),2023-02-05,Capgemini Deutschland GmbH,Full-time,Germany ,Kreisfreie Stadt 
232,Junior-Berater Data Analytics / Data Engineering (w/m/d) (IT-Berater/in),2023-02-05,Capgemini Deutschland GmbH,Full-time,Germany ,Frankfurt am Main
232,Junior-Berater Data Analytics / Data Engineering (w/m/d) (IT-Berater/in),2023-02-05,Capgemini Deutschland GmbH,Full-time,Germany ,Kreisfreie Stadt 
232,Junior-Berater Data Analytics / Data Engineering (w/m/d) (IT-Berater/in),2023-02-05,Capgemini Deutschland GmbH,Full-time,Germany ,Esslingen 
232,Junior-Berater Data Analytics / Data Engineering (w/m/d) (IT-Berater/in),2023-02-05,Capgemini Deutschland GmbH,Full-time,Germany ,Berlin 
232,Junior-Berater Data Analytics / Data Engineering (w/m/d) (IT-Berater/in),2023-02-05,Capgemini Deutschland GmbH,Full-time,Germany ,Mettmann 
232,Junior-Berater Data Analytics / Data Engineering (w/m/d) (IT-Berater/in),2023-02-05,Capgemini Deutschland GmbH,Full-time,Germany ,Hamburg 
232,Junior-Berater Data Analytics / Data Engineering (w/m/d) (IT-Berater/in),2023-02-05,Capgemini Deutschland GmbH,Full-time,Germany ,München
232,Junior-Berater Data Analytics / Data Engineering (w/m/d) (IT-Berater/in),2023-02-05,Capgemini Deutschland GmbH,Full-time,Germany ,Kreisfreie Stadt
233,Senior Berater Data Analytics Data Engineering (w/m/d) (IT-Berater/in),2023-02-05,Capgemini Deutschland GmbH,Full-time,Germany , Hamburg 
233,Senior Berater Data Analytics Data Engineering (w/m/d) (IT-Berater/in),2023-02-05,Capgemini Deutschland GmbH,Full-time,Germany ,München
233,Senior Berater Data Analytics Data Engineering (w/m/d) (IT-Berater/in),2023-02-05,Capgemini Deutschland GmbH,Full-time,Germany ,Kreisfreie Stadt 
233,Senior Berater Data Analytics Data Engineering (w/m/d) (IT-Berater/in),2023-02-05,Capgemini Deutschland GmbH,Full-time,Germany ,Köln
233,Senior Berater Data Analytics Data Engineering (w/m/d) (IT-Berater/in),2023-02-05,Capgemini Deutschland GmbH,Full-time,Germany ,Kreisfreie Stadt 
233,Senior Berater Data Analytics Data Engineering (w/m/d) (IT-Berater/in),2023-02-05,Capgemini Deutschland GmbH,Full-time,Germany ,Region Hannover 
233,Senior Berater Data Analytics Data Engineering (w/m/d) (IT-Berater/in),2023-02-05,Capgemini Deutschland GmbH,Full-time,Germany ,Nürnberg
233,Senior Berater Data Analytics Data Engineering (w/m/d) (IT-Berater/in),2023-02-05,Capgemini Deutschland GmbH,Full-time,Germany ,Kreisfreie Stadt 
233,Senior Berater Data Analytics Data Engineering (w/m/d) (IT-Berater/in),2023-02-05,Capgemini Deutschland GmbH,Full-time,Germany ,Esslingen 
233,Senior Berater Data Analytics Data Engineering (w/m/d) (IT-Berater/in),2023-02-05,Capgemini Deutschland GmbH,Full-time,Germany ,Erfurt
233,Senior Berater Data Analytics Data Engineering (w/m/d) (IT-Berater/in),2023-02-05,Capgemini Deutschland GmbH,Full-time,Germany ,Kreisfreie Stadt 
233,Senior Berater Data Analytics Data Engineering (w/m/d) (IT-Berater/in),2023-02-05,Capgemini Deutschland GmbH,Full-time,Germany ,Mettmann 
233,Senior Berater Data Analytics Data Engineering (w/m/d) (IT-Berater/in),2023-02-05,Capgemini Deutschland GmbH,Full-time,Germany ,Berlin 
233,Senior Berater Data Analytics Data Engineering (w/m/d) (IT-Berater/in),2023-02-05,Capgemini Deutschland GmbH,Full-time,Germany ,Frankfurt am Main
233,Senior Berater Data Analytics Data Engineering (w/m/d) (IT-Berater/in),2023-02-05,Capgemini Deutschland GmbH,Full-time,Germany ,Kreisfreie Stadt
234,Consultant (m/w/d) Microsoft Azure Data Engineering (Remote) (Data-Warehouse-Analyst/in),2023-05-26,Windhoff Software Service GmbH,"Flexible,",Germany , Borken
235,Data Engineer:in (Informatiker/in (Hochschule)),2023-05-16,Deutsche Bahn AG,Full-time,Germany , Frankfurt am Main
235,Data Engineer:in (Informatiker/in (Hochschule)),2023-05-16,Deutsche Bahn AG,Full-time,Germany ,Kreisfreie Stadt
236,Data Engineer:in (Informatiker/in (Hochschule)),2023-05-15,Deutsche Bahn AG,Full-time,Germany , Frankfurt am Main
236,Data Engineer:in (Informatiker/in (Hochschule)),2023-05-15,Deutsche Bahn AG,Full-time,Germany ,Kreisfreie Stadt
237,Data Engineer:in (Informatiker/in (Hochschule)),2023-11-05,Deutsche Bahn AG,Full-time,Germany , Frankfurt am Main
237,Data Engineer:in (Informatiker/in (Hochschule)),2023-11-05,Deutsche Bahn AG,Full-time,Germany ,Kreisfreie Stadt
238,Projektleiter:in Data Engineering (Informatiker/in (Hochschule)),2023-09-05,Deutsche Bahn AG,Full-time,Germany , Frankfurt am Main
238,Projektleiter:in Data Engineering (Informatiker/in (Hochschule)),2023-09-05,Deutsche Bahn AG,Full-time,Germany ,Kreisfreie Stadt 
238,Projektleiter:in Data Engineering (Informatiker/in (Hochschule)),2023-09-05,Deutsche Bahn AG,Full-time,Germany ,Berlin 
238,Projektleiter:in Data Engineering (Informatiker/in (Hochschule)),2023-09-05,Deutsche Bahn AG,Full-time,Germany ,Hamburg 
238,Projektleiter:in Data Engineering (Informatiker/in (Hochschule)),2023-09-05,Deutsche Bahn AG,Full-time,Germany ,München
238,Projektleiter:in Data Engineering (Informatiker/in (Hochschule)),2023-09-05,Deutsche Bahn AG,Full-time,Germany ,Kreisfreie Stadt
239,Data Engineer:in Betrieb Fernverkehr (Wirtschaftsinformatiker/in (Hochschule)),2023-05-19,Deutsche Bahn AG,Full-time,Germany , Frankfurt am Main
239,Data Engineer:in Betrieb Fernverkehr (Wirtschaftsinformatiker/in (Hochschule)),2023-05-19,Deutsche Bahn AG,Full-time,Germany ,Kreisfreie Stadt
240,Senior DevOps/Data Engineer:in (Informatiker/in (Hochschule)),2023-05-16,Deutsche Bahn AG,Full-time,Germany , Frankfurt am Main
240,Senior DevOps/Data Engineer:in (Informatiker/in (Hochschule)),2023-05-16,Deutsche Bahn AG,Full-time,Germany ,Kreisfreie Stadt
241,Projektleiter Data Engineering (m/d/w) (Leiter/in - IT),2023-05-20,Deutsche Bahn AG,Full-time,Germany , München
241,Projektleiter Data Engineering (m/d/w) (Leiter/in - IT),2023-05-20,Deutsche Bahn AG,Full-time,Germany ,Kreisfreie Stadt
242,Senior Data Engineer:in (w/m/d) (Informatiker/in (Hochschule)),2023-05-17,Deutsche Bahn AG,Full-time,Germany , Mainz
242,Senior Data Engineer:in (w/m/d) (Informatiker/in (Hochschule)),2023-05-17,Deutsche Bahn AG,Full-time,Germany ,Kreisfreie Stadt
243,"Bioinformatician - Software, Data Engineering, MySQL, Python (Biologe/Biologin)",2023-05-24,Immatics Biotechnologies GmbH,Full-time,Germany , Tübingen
243,"Bioinformatician - Software, Data Engineering, MySQL, Python (Biologe/Biologin)",2023-05-24,Immatics Biotechnologies GmbH,Full-time,Germany ,Landkreis
244,Team Lead (w/m/d) Data Engineering (IT-Berater/in),2023-02-05,Procon-IT GmbH (Garching),Full-time,Germany , München
244,Team Lead (w/m/d) Data Engineering (IT-Berater/in),2023-02-05,Procon-IT GmbH (Garching),Full-time,Germany ,Landkreis
245,(Senior) Data Engineer:in für AI Projekte (Informatiker/in (Hochschule)),2023-11-05,Deutsche Bahn AG,Full-time,Germany , Duisburg
245,(Senior) Data Engineer:in für AI Projekte (Informatiker/in (Hochschule)),2023-11-05,Deutsche Bahn AG,Full-time,Germany ,Kreisfreie Stadt 
245,(Senior) Data Engineer:in für AI Projekte (Informatiker/in (Hochschule)),2023-11-05,Deutsche Bahn AG,Full-time,Germany ,Hamburg 
245,(Senior) Data Engineer:in für AI Projekte (Informatiker/in (Hochschule)),2023-11-05,Deutsche Bahn AG,Full-time,Germany ,Nürnberg
245,(Senior) Data Engineer:in für AI Projekte (Informatiker/in (Hochschule)),2023-11-05,Deutsche Bahn AG,Full-time,Germany ,Kreisfreie Stadt 
245,(Senior) Data Engineer:in für AI Projekte (Informatiker/in (Hochschule)),2023-11-05,Deutsche Bahn AG,Full-time,Germany ,Dresden
245,(Senior) Data Engineer:in für AI Projekte (Informatiker/in (Hochschule)),2023-11-05,Deutsche Bahn AG,Full-time,Germany ,Kreisfreie Stadt 
245,(Senior) Data Engineer:in für AI Projekte (Informatiker/in (Hochschule)),2023-11-05,Deutsche Bahn AG,Full-time,Germany ,Region Hannover 
245,(Senior) Data Engineer:in für AI Projekte (Informatiker/in (Hochschule)),2023-11-05,Deutsche Bahn AG,Full-time,Germany ,Köln
245,(Senior) Data Engineer:in für AI Projekte (Informatiker/in (Hochschule)),2023-11-05,Deutsche Bahn AG,Full-time,Germany ,Kreisfreie Stadt 
245,(Senior) Data Engineer:in für AI Projekte (Informatiker/in (Hochschule)),2023-11-05,Deutsche Bahn AG,Full-time,Germany ,Frankfurt am Main
245,(Senior) Data Engineer:in für AI Projekte (Informatiker/in (Hochschule)),2023-11-05,Deutsche Bahn AG,Full-time,Germany ,Kreisfreie Stadt 
245,(Senior) Data Engineer:in für AI Projekte (Informatiker/in (Hochschule)),2023-11-05,Deutsche Bahn AG,Full-time,Germany ,Erfurt
245,(Senior) Data Engineer:in für AI Projekte (Informatiker/in (Hochschule)),2023-11-05,Deutsche Bahn AG,Full-time,Germany ,Kreisfreie Stadt 
245,(Senior) Data Engineer:in für AI Projekte (Informatiker/in (Hochschule)),2023-11-05,Deutsche Bahn AG,Full-time,Germany ,München
245,(Senior) Data Engineer:in für AI Projekte (Informatiker/in (Hochschule)),2023-11-05,Deutsche Bahn AG,Full-time,Germany ,Kreisfreie Stadt 
245,(Senior) Data Engineer:in für AI Projekte (Informatiker/in (Hochschule)),2023-11-05,Deutsche Bahn AG,Full-time,Germany ,Berlin
246,Technical Data Engineering (m/w/d) - Maintenance TechData (Metallflugzeugbauer/in),2023-05-16,SimpleXX GmbH,Full-time,Germany , Bayern
247,Wissenschaftliche*r Mitarbeiter*in Digitale Produktion und Data Engineering (Recruiter),2023-09-05,Zentrale der Fraunhofer Gesellschaft e.V.,Full-time,Germany , Münster
247,Wissenschaftliche*r Mitarbeiter*in Digitale Produktion und Data Engineering (Recruiter),2023-09-05,Zentrale der Fraunhofer Gesellschaft e.V.,Full-time,Germany ,Kreisfreie Stadt
248,Informatiker*innen/Mathematiker*innen im Bereich Data Engineering (Wirtschaftsinformatiker/in (Hochschule)),2023-05-30,Deutsche Bundesbank,Full-time,Germany , Frankfurt am Main
248,Informatiker*innen/Mathematiker*innen im Bereich Data Engineering (Wirtschaftsinformatiker/in (Hochschule)),2023-05-30,Deutsche Bundesbank,Full-time,Germany ,Kreisfreie Stadt
249,Planer (m/w/d) Qualitäts-Systeme (Schwerpunkt Data Engineering) (Wirtschaftsinformatiker/in (Hochschule)),2023-05-30,Porsche Leipzig GmbH,Full-time,Germany,
250,Technical Data Engineering Specialist (m/w/d) - IPC (Ingenieur/in - Luft- und Raumfahrttechnik),2023-05-15,SimpleXX GmbH,Full-time,Germany , Bayern
251,Software Developer Python- und Cloud-Architekturen mit Schwerpunkt Data Engineering (Softwareentwickler/in),2023-05-16,Dipl.-Ing Felix Aithnard Delphinco e.K.,Full-time,Germany , Baden-Baden
251,Software Developer Python- und Cloud-Architekturen mit Schwerpunkt Data Engineering (Softwareentwickler/in),2023-05-16,Dipl.-Ing Felix Aithnard Delphinco e.K.,Full-time,Germany ,Stadtkreis
